run_id,collection_timestamp,train_number,train_name,train_type,train_category,journey_date,current_station_code,next_station_code,latitude,longitude,segment_progress,delay_minutes,scheduled_arrival,scheduled_departure,actual_arrival,actual_departure,platform,current_location_status,movement_state,distance_from_origin_km,distance_from_last_station_km,route_sequence,previous_delay,delay_change_prev,time_since_previous_observation_seconds,distance_travelled_km,station_transition,route_position_change,estimated_speed_kmh,hour,minute,time_of_day_minutes,day_of_week,future_delay,target_delay_change
20260822T085927Z-moving-6809face,2026-08-22T09:01:35.148688+00:00,96207,Badlapur Mumbai EMU,EMU,Local,2026-08-22,CRD,PR,18.9939994,72.8330001,0.1861861861861862,4,2026-08-22T14:27:00+05:30,2026-08-22T14:27:00+05:30,2026-08-22T14:28:00+05:30,2026-08-22T14:28:00+05:30,1.0,at-station,MOVING,6.2,0.0,7,,,,,False,,,9,1,541,5,3.0,-1.0
20260822T085927Z-moving-6809face,2026-08-22T09:02:35.149773+00:00,96207,Badlapur Mumbai EMU,EMU,Local,2026-08-22,PRLW,PR,19.0044708,72.8348617,0.2222222222222222,3,2026-08-22T14:29:00+05:30,2026-08-22T14:29:00+05:30,2026-08-22T14:30:00+05:30,2026-08-22T14:30:00+05:30,,at-station,MOVING,7.4,0.0,8,4.0,-1.0,60.001085,1.2000000000000002,True,1.0,71.99869802354408,9,2,542,5,3.0,0.0
20260822T085927Z-moving-6809face,2026-08-22T09:03:35.182580+00:00,96207,Badlapur Mumbai EMU,EMU,Local,2026-08-22,PRLW,PR,19.0044708,72.8348617,0.2222222222222222,3,2026-08-22T14:29:00+05:30,2026-08-22T14:29:00+05:30,2026-08-22T14:30:00+05:30,2026-08-22T14:30:00+05:30,,at-station,STATIONARY,7.4,0.0,8,3.0,0.0,60.032807,0.0,False,0.0,0.0,9,3,543,5,3.0,0.0
20260822T085927Z-moving-6809face,2026-08-22T09:04:35.349135+00:00,96207,Badlapur Mumbai EMU,EMU,Local,2026-08-22,PRLW,PR,19.0044708,72.8348617,0.2222222222222222,3,2026-08-22T14:29:00+05:30,2026-08-22T14:29:00+05:30,2026-08-22T14:30:00+05:30,2026-08-22T14:30:00+05:30,,at-station,STATIONARY,7.4,0.0,8,3.0,0.0,60.166555,0.0,False,0.0,0.0,9,4,544,5,3.0,0.0
20260822T085927Z-moving-6809face,2026-08-22T09:05:35.150232+00:00,96207,Badlapur Mumbai EMU,EMU,Local,2026-08-22,PRLW,PR,19.0044708,72.8348617,0.2222222222222222,3,2026-08-22T14:29:00+05:30,2026-08-22T14:29:00+05:30,2026-08-22T14:30:00+05:30,2026-08-22T14:30:00+05:30,,at-station,STATIONARY,7.4,0.0,8,3.0,0.0,59.801097,0.0,False,0.0,0.0,9,5,545,5,3.0,0.0
20260822T085927Z-moving-6809face,2026-08-22T09:06:35.145919+00:00,96207,Badlapur Mumbai EMU,EMU,Local,2026-08-22,DR,MTN,19.018972,72.84437,0.2702702702702703,3,2026-08-22T14:33:00+05:30,2026-08-22T14:33:00+05:30,2026-08-22T14:34:43+05:30,2026-08-22T14:36:00+05:30,,at-station,MOVING,9.0,0.0,10,3.0,0.0,59.995687,1.5999999999999996,True,2.0,96.00690129608815,9,6,546,5,1.0,-2.0
20260822T085927Z-moving-6809face,2026-08-22T09:07:35.153462+00:00,96207,Badlapur Mumbai EMU,EMU,Local,2026-08-22,MTN,SION,19.02396,72.8479,0.3123123123123123,1,2026-08-22T14:36:00+05:30,2026-08-22T14:36:00+05:30,2026-08-22T14:35:44+05:30,2026-08-22T14:37:00+05:30,,at-station,MOVING,10.4,0.0,11,3.0,-2.0,60.007543,1.4000000000000004,True,1.0,83.98944112742628,9,7,547,5,2.0,1.0
20260822T085927Z-moving-6809face,2026-08-22T09:08:35.143951+00:00,96207,Badlapur Mumbai EMU,EMU,Local,2026-08-22,MTN,SION,19.026932,72.84999,0.3123123123123123,2,2026-08-22T14:36:00+05:30,2026-08-22T14:36:00+05:30,2026-08-22T14:35:44+05:30,2026-08-22T14:38:00+05:30,,at-station,MOVING,10.4,0.0,11,1.0,1.0,59.990489,0.0,False,0.0,0.0,9,8,548,5,2.0,0.0
20260822T085927Z-moving-6809face,2026-08-22T09:09:35.288425+00:00,96207,Badlapur Mumbai EMU,EMU,Local,2026-08-22,MTN,SION,19.0273303,72.8502578,0.3123123123123123,2,2026-08-22T14:36:00+05:30,2026-08-22T14:36:00+05:30,2026-08-22T14:35:44+05:30,2026-08-22T14:39:00+05:30,1.0,at-station,MOVING,10.4,0.0,11,2.0,0.0,60.144474,0.0,False,0.0,0.0,9,9,549,5,2.0,0.0
20260822T085927Z-moving-6809face,2026-08-22T09:10:35.232832+00:00,96207,Badlapur Mumbai EMU,EMU,Local,2026-08-22,MTN,SION,19.0326404,72.8538742,0.3123123123123123,2,2026-08-22T14:36:00+05:30,2026-08-22T14:36:00+05:30,2026-08-22T14:35:44+05:30,2026-08-22T14:40:00+05:30,1.0,at-station,MOVING,10.4,0.0,11,2.0,0.0,59.944407,0.0,False,0.0,0.0,9,10,550,5,3.0,1.0
20260822T085927Z-moving-6809face,2026-08-22T09:11:35.168950+00:00,96207,Badlapur Mumbai EMU,EMU,Local,2026-08-22,MTN,SION,19.0326404,72.8538742,0.3123123123123123,3,2026-08-22T14:36:00+05:30,2026-08-22T14:36:00+05:30,2026-08-22T14:35:44+05:30,2026-08-22T14:41:00+05:30,1.0,at-station,STATIONARY,10.4,0.0,11,2.0,1.0,59.936118,0.0,False,0.0,0.0,9,11,551,5,2.0,-1.0
20260822T085927Z-moving-6809face,2026-08-22T09:12:35.198357+00:00,96207,Badlapur Mumbai EMU,EMU,Local,2026-08-22,SION,CLA,19.0465297,72.8633193,0.3873873873873874,2,2026-08-22T14:39:00+05:30,2026-08-22T14:39:00+05:30,2026-08-22T14:41:46+05:30,2026-08-22T14:42:00+05:30,,at-station,MOVING,12.9,0.0,12,3.0,-1.0,60.029407,2.5,True,1.0,149.92651851450074,9,12,552,5,2.0,0.0
20260822T085927Z-moving-6809face,2026-08-22T09:13:35.201908+00:00,96207,Badlapur Mumbai EMU,EMU,Local,2026-08-22,SION,CLA,19.0465297,72.8633193,0.3873873873873874,2,2026-08-22T14:39:00+05:30,2026-08-22T14:39:00+05:30,2026-08-22T14:41:46+05:30,2026-08-22T14:43:00+05:30,,at-station,STATIONARY,12.9,0.0,12,2.0,0.0,60.003551,0.0,False,0.0,0.0,9,13,553,5,2.0,0.0
20260822T085927Z-moving-6809face,2026-08-22T09:14:35.209624+00:00,96207,Badlapur Mumbai EMU,EMU,Local,2026-08-22,SION,CLA,19.0465297,72.8633193,0.3873873873873874,2,2026-08-22T14:39:00+05:30,2026-08-22T14:39:00+05:30,2026-08-22T14:41:46+05:30,2026-08-22T14:44:00+05:30,,at-station,STATIONARY,12.9,0.0,12,2.0,0.0,60.007716,0.0,False,0.0,0.0,9,14,554,5,0.0,-2.0
20260822T085927Z-moving-6809face,2026-08-22T09:15:35.212040+00:00,96207,Badlapur Mumbai EMU,EMU,Local,2026-08-22,CLA,VVH,19.0651493,72.8794021,0.4684684684684685,0,2026-08-22T14:43:00+05:30,2026-08-22T14:43:00+05:30,2026-08-22T14:44:00+05:30,2026-08-22T14:45:00+05:30,1.0,at-station,MOVING,15.6,0.0,13,2.0,-2.0,60.002416,2.6999999999999993,True,1.0,161.9934770626569,9,15,555,5,1.0,1.0
20260822T085927Z-moving-6809face,2026-08-22T09:16:35.209663+00:00,96207,Badlapur Mumbai EMU,EMU,Local,2026-08-22,CLA,VVH,19.0651493,72.8794021,0.4684684684684685,1,2026-08-22T14:43:00+05:30,2026-08-22T14:43:00+05:30,2026-08-22T14:44:00+05:30,2026-08-22T14:46:00+05:30,1.0,at-station,STATIONARY,15.6,0.0,13,0.0,1.0,59.997623,0.0,False,0.0,0.0,9,16,556,5,1.0,0.0
20260822T085927Z-moving-6809face,2026-08-22T09:17:35.184976+00:00,96207,Badlapur Mumbai EMU,EMU,Local,2026-08-22,CLA,VVH,19.0651493,72.8794021,0.4684684684684685,1,2026-08-22T14:43:00+05:30,2026-08-22T14:43:00+05:30,2026-08-22T14:44:00+05:30,2026-08-22T14:47:00+05:30,1.0,at-station,STATIONARY,15.6,0.0,13,1.0,0.0,59.975313,0.0,False,0.0,0.0,9,17,557,5,1.0,0.0
20260822T085927Z-moving-6809face,2026-08-22T09:18:35.227183+00:00,96207,Badlapur Mumbai EMU,EMU,Local,2026-08-22,CLA,VVH,19.0651493,72.8794021,0.4684684684684685,1,2026-08-22T14:43:00+05:30,2026-08-22T14:43:00+05:30,2026-08-22T14:44:00+05:30,2026-08-22T14:48:00+05:30,1.0,at-station,STATIONARY,15.6,0.0,13,1.0,0.0,60.042207,0.0,False,0.0,0.0,9,18,558,5,2.0,1.0
20260822T085927Z-moving-6809face,2026-08-22T09:19:35.150342+00:00,96207,Badlapur Mumbai EMU,EMU,Local,2026-08-22,VVH,GC,19.0790939,72.8972625,0.5435435435435436,2,2026-08-22T14:46:00+05:30,2026-08-22T14:46:00+05:30,2026-08-22T14:49:17+05:30,2026-08-22T14:49:00+05:30,1.0,at-station,MOVING,18.1,0.0,15,1.0,1.0,59.923159,2.5000000000000018,True,2.0,150.19234883795104,9,19,559,5,2.0,0.0
20260822T085927Z-moving-6809face,2026-08-22T09:20:35.234030+00:00,96207,Badlapur Mumbai EMU,EMU,Local,2026-08-22,VVH,GC,19.0790939,72.8972625,0.5435435435435436,2,2026-08-22T14:46:00+05:30,2026-08-22T14:46:00+05:30,2026-08-22T14:49:17+05:30,2026-08-22T14:50:00+05:30,1.0,at-station,STATIONARY,18.1,0.0,15,2.0,0.0,60.083688,0.0,False,0.0,0.0,9,20,560,5,1.0,-1.0
20260822T085927Z-moving-6809face,2026-08-22T09:21:35.332844+00:00,96207,Badlapur Mumbai EMU,EMU,Local,2026-08-22,GC,VK,19.0855998,72.9081192,0.5825825825825826,1,2026-08-22T14:49:00+05:30,2026-08-22T14:49:00+05:30,2026-08-22T14:50:33+05:30,2026-08-22T14:51:00+05:30,1.0,at-station,MOVING,19.4,0.0,16,2.0,-1.0,60.098814,1.2999999999999972,True,1.0,77.8717530099677,9,21,561,5,1.0,0.0
20260822T085927Z-moving-6809face,2026-08-22T09:22:35.214401+00:00,96207,Badlapur Mumbai EMU,EMU,Local,2026-08-22,GC,VK,19.0855998,72.9081192,0.5825825825825826,1,2026-08-22T14:49:00+05:30,2026-08-22T14:49:00+05:30,2026-08-22T14:50:33+05:30,2026-08-22T14:52:00+05:30,1.0,at-station,STATIONARY,19.4,0.0,16,1.0,0.0,59.881557,0.0,False,0.0,0.0,9,22,562,5,1.0,0.0
20260822T085927Z-moving-6809face,2026-08-22T09:23:35.207873+00:00,96207,Badlapur Mumbai EMU,EMU,Local,2026-08-22,GC,VK,19.0855998,72.9081192,0.5825825825825826,1,2026-08-22T14:49:00+05:30,2026-08-22T14:49:00+05:30,2026-08-22T14:50:33+05:30,2026-08-22T14:53:00+05:30,1.0,at-station,STATIONARY,19.4,0.0,16,1.0,0.0,59.993472,0.0,False,0.0,0.0,9,23,563,5,2.0,1.0
20260822T085927Z-moving-6809face,2026-08-22T09:24:35.585940+00:00,96207,Badlapur Mumbai EMU,EMU,Local,2026-08-22,GC,VK,19.0938663,72.914505,0.2999999999999998,2,2026-08-22T14:49:00+05:30,2026-08-22T14:49:00+05:30,2026-08-22T14:50:33+05:30,2026-08-22T14:51:12+05:30,1.0,departed,MOVING,19.4,1.11,16,1.0,1.0,60.378067,0.0,False,0.0,0.0,9,24,564,5,2.0,0.0
20260822T085927Z-moving-6809face,2026-08-22T09:25:35.292593+00:00,96207,Badlapur Mumbai EMU,EMU,Local,2026-08-22,VK,KJRD,19.1119403,72.9284667,0.6936936936936938,2,2026-08-22T14:53:00+05:30,2026-08-22T14:53:00+05:30,2026-08-22T14:55:00+05:30,2026-08-22T14:55:00+05:30,1.0,at-station,MOVING,23.1,0.0,17,2.0,0.0,59.706653,3.700000000000003,True,1.0,223.09071654041654,9,25,565,5,2.0,0.0
20260822T085927Z-moving-6809face,2026-08-22T09:26:35.387715+00:00,96207,Badlapur Mumbai EMU,EMU,Local,2026-08-22,VK,KJRD,19.1119403,72.9284667,0.6936936936936938,2,2026-08-22T14:53:00+05:30,2026-08-22T14:53:00+05:30,2026-08-22T14:55:00+05:30,2026-08-22T14:56:00+05:30,1.0,at-station,STATIONARY,23.1,0.0,17,2.0,0.0,60.095122,0.0,False,0.0,0.0,9,26,566,5,2.0,0.0
20260822T085927Z-moving-6809face,2026-08-22T09:27:35.428881+00:00,96207,Badlapur Mumbai EMU,EMU,Local,2026-08-22,VK,KJRD,19.1119403,72.9284667,0.6936936936936938,2,2026-08-22T14:53:00+05:30,2026-08-22T14:53:00+05:30,2026-08-22T14:55:00+05:30,2026-08-22T14:57:00+05:30,1.0,at-station,STATIONARY,23.1,0.0,17,2.0,0.0,60.041166,0.0,False,0.0,0.0,9,27,567,5,1.0,-1.0
20260822T085927Z-moving-6809face,2026-08-22T09:28:35.202334+00:00,96207,Badlapur Mumbai EMU,EMU,Local,2026-08-22,KJRD,BND,19.1281509,72.9282531,0.7507507507507508,1,2026-08-22T14:56:00+05:30,2026-08-22T14:56:00+05:30,2026-08-22T14:56:00+05:30,2026-08-22T14:58:00+05:30,1.0,at-station,MOVING,25.0,0.0,18,2.0,-1.0,59.773453,1.8999999999999986,True,1.0,114.43207070536805,9,28,568,5,1.0,0.0
20260822T085927Z-moving-6809face,2026-08-22T09:29:35.299813+00:00,96207,Badlapur Mumbai EMU,EMU,Local,2026-08-22,KJRD,BND,19.1281509,72.9282531,0.7507507507507508,1,2026-08-22T14:56:00+05:30,2026-08-22T14:56:00+05:30,2026-08-22T14:56:00+05:30,2026-08-22T14:59:00+05:30,1.0,at-station,STATIONARY,25.0,0.0,18,1.0,0.0,60.097479,0.0,False,0.0,0.0,9,29,569,5,1.0,0.0
20260822T085927Z-moving-6809face,2026-08-22T09:30:35.212105+00:00,96207,Badlapur Mumbai EMU,EMU,Local,2026-08-22,BND,NHU,19.1422805,72.9377899,0.8048048048048049,1,2026-08-22T14:59:00+05:30,2026-08-22T14:59:00+05:30,2026-08-22T15:00:00+05:30,2026-08-22T15:00:00+05:30,1.0,at-station,MOVING,26.8,0.0,19,1.0,0.0,59.912292,1.8000000000000007,True,1.0,108.1581055186472,9,30,570,5,1.0,0.0
20260822T085927Z-moving-6809face,2026-08-22T09:31:35.317354+00:00,96207,Badlapur Mumbai EMU,EMU,Local,2026-08-22,BND,NHU,19.1422805,72.9377899,0.8048048048048049,1,2026-08-22T14:59:00+05:30,2026-08-22T14:59:00+05:30,2026-08-22T15:00:00+05:30,2026-08-22T15:01:00+05:30,1.0,at-station,STATIONARY,26.8,0.0,19,1.0,0.0,60.105249,0.0,False,0.0,0.0,9,31,571,5,1.0,0.0
20260822T085927Z-moving-6809face,2026-08-22T09:32:35.214000+00:00,96207,Badlapur Mumbai EMU,EMU,Local,2026-08-22,BND,NHU,19.1422805,72.9377899,0.8048048048048049,1,2026-08-22T14:59:00+05:30,2026-08-22T14:59:00+05:30,2026-08-22T15:00:00+05:30,2026-08-22T15:02:00+05:30,1.0,at-station,STATIONARY,26.8,0.0,19,1.0,0.0,59.896646,0.0,False,0.0,0.0,9,32,572,5,1.0,0.0
20260822T085927Z-moving-6809face,2026-08-22T09:33:35.200464+00:00,96207,Badlapur Mumbai EMU,EMU,Local,2026-08-22,BND,NHU,19.1422805,72.9377899,0.8048048048048049,1,2026-08-22T14:59:00+05:30,2026-08-22T14:59:00+05:30,2026-08-22T15:00:00+05:30,2026-08-22T15:03:00+05:30,1.0,at-station,STATIONARY,26.8,0.0,19,1.0,0.0,59.986464,0.0,False,0.0,0.0,9,33,573,5,1.0,0.0
20260822T085927Z-moving-6809face,2026-08-22T09:34:35.231875+00:00,96207,Badlapur Mumbai EMU,EMU,Local,2026-08-22,NHU,MLND,19.15452,72.9468307,0.8558558558558559,1,2026-08-22T15:02:00+05:30,2026-08-22T15:02:00+05:30,2026-08-22T15:03:46+05:30,2026-08-22T15:04:00+05:30,1.0,at-station,MOVING,28.5,0.0,20,1.0,0.0,60.031411,1.6999999999999993,True,1.0,101.94662924048208,9,34,574,5,1.0,0.0
20260822T085927Z-moving-6809face,2026-08-22T09:35:35.243152+00:00,96207,Badlapur Mumbai EMU,EMU,Local,2026-08-22,CRNM,MLND,19.1637897,72.9509887,0.8888888888888891,1,2026-08-22T15:04:00+05:30,2026-08-22T15:04:00+05:30,2026-08-22T15:03:29+05:30,2026-08-22T15:05:00+05:30,,at-station,MOVING,29.6,0.0,21,1.0,0.0,60.011277,1.1000000000000014,True,1.0,65.98759763102534,9,35,575,5,2.0,1.0
20260822T085927Z-moving-6809face,2026-08-22T09:36:35.198592+00:00,96207,Badlapur Mumbai EMU,EMU,Local,2026-08-22,MLND,TNA,19.17173,72.9566268,0.921921921921922,2,2026-08-22T15:05:00+05:30,2026-08-22T15:05:00+05:30,2026-08-22T15:07:00+05:30,2026-08-22T15:07:00+05:30,1.0,at-station,MOVING,30.7,0.0,22,1.0,1.0,59.95544,1.0999999999999979,True,1.0,66.04905242960426,9,36,576,5,1.0,-1.0
20260822T085927Z-moving-6809face,2026-08-22T09:37:35.200098+00:00,96207,Badlapur Mumbai EMU,EMU,Local,2026-08-22,MLND,TNA,19.17173,72.9566268,0.921921921921922,1,2026-08-22T15:05:00+05:30,2026-08-22T15:05:00+05:30,2026-08-22T15:07:00+05:30,2026-08-22T15:07:00+05:30,1.0,at-station,STATIONARY,30.7,0.0,22,2.0,-1.0,60.001506,0.0,False,0.0,0.0,9,37,577,5,1.0,0.0
20260822T085927Z-moving-6809face,2026-08-22T09:38:35.403854+00:00,96207,Badlapur Mumbai EMU,EMU,Local,2026-08-22,MLND,TNA,19.17173,72.9566268,0.921921921921922,1,2026-08-22T15:05:00+05:30,2026-08-22T15:05:00+05:30,2026-08-22T15:07:00+05:30,2026-08-22T15:08:00+05:30,1.0,at-station,STATIONARY,30.7,0.0,22,1.0,0.0,60.203756,0.0,False,0.0,0.0,9,38,578,5,1.0,0.0
20260822T085927Z-moving-6809face,2026-08-22T09:39:35.261691+00:00,96207,Badlapur Mumbai EMU,EMU,Local,2026-08-22,MLND,TNA,19.1836204,72.9727478,0.8115384615384622,1,2026-08-22T15:05:00+05:30,2026-08-22T15:05:00+05:30,2026-08-22T15:07:00+05:30,2026-08-22T15:06:20+05:30,1.0,departed,MOVING,30.7,2.11,22,1.0,0.0,59.857837,0.0,False,0.0,0.0,9,39,579,5,1.0,0.0
20260822T085927Z-moving-6809face,2026-08-22T09:40:35.202895+00:00,96207,Badlapur Mumbai EMU,EMU,Local,2026-08-22,MLND,TNA,19.1836204,72.9727478,0.8115384615384622,1,2026-08-22T15:05:00+05:30,2026-08-22T15:05:00+05:30,2026-08-22T15:07:00+05:30,2026-08-22T15:06:20+05:30,1.0,departed,STATIONARY,30.7,2.11,22,1.0,0.0,59.941204,0.0,False,0.0,0.0,9,40,580,5,1.0,0.0
20260822T085927Z-moving-6809face,2026-08-22T09:41:35.216885+00:00,96207,Badlapur Mumbai EMU,EMU,Local,2026-08-22,TNA,KLVA,19.1861572,72.9761886,1.0,1,2026-08-22T15:09:00+05:30,2026-08-22T15:09:00+05:30,2026-08-22T15:10:37+05:30,2026-08-22T15:11:00+05:30,3.0,at-station,MOVING,33.3,0.0,23,1.0,0.0,60.01399,2.599999999999998,True,1.0,155.96363447922715,9,41,581,5,1.0,0.0
20260822T085927Z-moving-6809face,2026-08-22T09:42:35.199852+00:00,96207,Badlapur Mumbai EMU,EMU,Local,2026-08-22,TNA,KLVA,19.1861572,72.9761886,1.0,1,2026-08-22T15:09:00+05:30,2026-08-22T15:09:00+05:30,2026-08-22T15:10:37+05:30,2026-08-22T15:12:00+05:30,3.0,at-station,STATIONARY,33.3,0.0,23,1.0,0.0,59.982967,0.0,False,0.0,0.0,9,42,582,5,1.0,0.0
20260822T085927Z-moving-6809face,2026-08-22T09:43:35.245061+00:00,96207,Badlapur Mumbai EMU,EMU,Local,2026-08-22,TNA,KLVA,19.1861572,72.9761886,1.0,1,2026-08-22T15:09:00+05:30,2026-08-22T15:09:00+05:30,2026-08-22T15:10:37+05:30,2026-08-22T15:13:00+05:30,3.0,at-station,STATIONARY,33.3,0.0,23,1.0,0.0,60.045209,0.0,False,0.0,0.0,9,43,583,5,1.0,0.0
20260822T085927Z-moving-6809face,2026-08-22T09:44:35.194340+00:00,96207,Badlapur Mumbai EMU,EMU,Local,2026-08-22,TNA,KLVA,19.1861572,72.9761886,1.0,1,2026-08-22T15:09:00+05:30,2026-08-22T15:09:00+05:30,2026-08-22T15:10:37+05:30,2026-08-22T15:14:00+05:30,3.0,at-station,STATIONARY,33.3,0.0,23,1.0,0.0,59.949279,0.0,False,0.0,0.0,9,44,584,5,1.0,0.0
20260822T085927Z-moving-6809face,2026-08-22T09:45:35.181039+00:00,96207,Badlapur Mumbai EMU,EMU,Local,2026-08-22,KLVC,MBQ,19.1971282,72.9989547,,1,2026-08-22T15:15:00+05:30,2026-08-22T15:15:00+05:30,2026-08-22T15:14:45+05:30,2026-08-22T15:16:00+05:30,,at-station,MOVING,36.1,0.0,25,1.0,0.0,59.986699,2.8000000000000043,True,2.0,168.03725105793893,9,45,585,5,1.0,0.0
20260822T085927Z-moving-6809face,2026-08-22T09:46:35.180994+00:00,96207,Badlapur Mumbai EMU,EMU,Local,2026-08-22,KLVC,MBQ,19.1971282,72.9989547,,1,2026-08-22T15:15:00+05:30,2026-08-22T15:15:00+05:30,2026-08-22T15:14:45+05:30,2026-08-22T15:16:00+05:30,,at-station,STATIONARY,36.1,0.0,25,1.0,0.0,59.999955,0.0,False,0.0,0.0,9,46,586,5,1.0,0.0
20260822T085927Z-moving-6809face,2026-08-22T09:47:35.233339+00:00,96207,Badlapur Mumbai EMU,EMU,Local,2026-08-22,KLVC,MBQ,19.1971282,72.9989547,,1,2026-08-22T15:15:00+05:30,2026-08-22T15:15:00+05:30,2026-08-22T15:14:45+05:30,2026-08-22T15:17:00+05:30,,at-station,STATIONARY,36.1,0.0,25,1.0,0.0,60.052345,0.0,False,0.0,0.0,9,47,587,5,1.0,0.0
20260822T085927Z-moving-6809face,2026-08-22T09:48:35.301877+00:00,96207,Badlapur Mumbai EMU,EMU,Local,2026-08-22,KLVC,MBQ,19.1971282,72.9989547,,1,2026-08-22T15:15:00+05:30,2026-08-22T15:15:00+05:30,2026-08-22T15:14:45+05:30,2026-08-22T15:18:00+05:30,,at-station,STATIONARY,36.1,0.0,25,1.0,0.0,60.068538,0.0,False,0.0,0.0,9,48,588,5,0.0,-1.0
20260822T085927Z-moving-6809face,2026-08-22T09:49:35.172090+00:00,96207,Badlapur Mumbai EMU,EMU,Local,2026-08-22,MBQ,DIVA,19.1901397,73.0231399,,0,2026-08-22T15:20:00+05:30,2026-08-22T15:20:00+05:30,2026-08-22T15:18:15+05:30,2026-08-22T15:20:00+05:30,1.0,at-station,MOVING,40.2,0.0,26,1.0,-1.0,59.870213,4.100000000000001,True,1.0,246.53328024739122,9,49,589,5,0.0,0.0
20260822T085927Z-moving-6809face,2026-08-22T09:50:35.221325+00:00,96207,Badlapur Mumbai EMU,EMU,Local,2026-08-22,MBQ,DIVA,19.1901397,73.0231399,,0,2026-08-22T15:20:00+05:30,2026-08-22T15:20:00+05:30,2026-08-22T15:18:15+05:30,2026-08-22T15:20:00+05:30,1.0,at-station,STATIONARY,40.2,0.0,26,0.0,0.0,60.049235,0.0,False,0.0,0.0,9,50,590,5,0.0,0.0
20260822T085927Z-moving-6809face,2026-08-22T09:51:35.183307+00:00,96207,Badlapur Mumbai EMU,EMU,Local,2026-08-22,DIVA,KOPR,19.1886501,73.0424423,,0,2026-08-22T15:24:00+05:30,2026-08-22T15:24:00+05:30,2026-08-22T15:25:00+05:30,2026-08-22T15:24:00+05:30,1.0,at-station,MOVING,42.7,0.0,27,0.0,0.0,59.961982,2.5,True,1.0,150.0951052618641,9,51,591,5,0.0,0.0
20260822T085927Z-moving-6809face,2026-08-22T09:52:35.214793+00:00,96207,Badlapur Mumbai EMU,EMU,Local,2026-08-22,DIVA,KOPR,19.1886501,73.0424423,,0,2026-08-22T15:24:00+05:30,2026-08-22T15:24:00+05:30,2026-08-22T15:25:00+05:30,2026-08-22T15:24:00+05:30,1.0,at-station,STATIONARY,42.7,0.0,27,0.0,0.0,60.031486,0.0,False,0.0,0.0,9,52,592,5,0.0,0.0
20260822T085927Z-moving-6809face,2026-08-22T09:53:35.251944+00:00,96207,Badlapur Mumbai EMU,EMU,Local,2026-08-22,DIVA,KOPR,19.1886501,73.0424423,,0,2026-08-22T15:24:00+05:30,2026-08-22T15:24:00+05:30,2026-08-22T15:25:00+05:30,2026-08-22T15:24:00+05:30,1.0,at-station,STATIONARY,42.7,0.0,27,0.0,0.0,60.037151,0.0,False,0.0,0.0,9,53,593,5,-1.0,-1.0
20260822T085927Z-moving-6809face,2026-08-22T09:54:35.180926+00:00,96207,Badlapur Mumbai EMU,EMU,Local,2026-08-22,DWJN,KOPR,19.1958503,73.057373,,-1,2026-08-22T15:26:00+05:30,2026-08-22T15:26:00+05:30,2026-08-22T15:22:40+05:30,2026-08-22T15:26:00+05:30,,at-station,MOVING,44.5,0.0,28,0.0,-1.0,59.928982,1.7999999999999972,True,1.0,108.12798388599342,9,54,594,5,-1.0,0.0
20260822T085927Z-moving-6809face,2026-08-22T09:55:35.188885+00:00,96207,Badlapur Mumbai EMU,EMU,Local,2026-08-22,DWJN,KOPR,19.1958503,73.057373,,-1,2026-08-22T15:26:00+05:30,2026-08-22T15:26:00+05:30,2026-08-22T15:22:40+05:30,2026-08-22T15:26:00+05:30,,at-station,STATIONARY,44.5,0.0,28,-1.0,0.0,60.007959,0.0,False,0.0,0.0,9,55,595,5,0.0,1.0
20260822T085927Z-moving-6809face,2026-08-22T09:56:35.272023+00:00,96207,Badlapur Mumbai EMU,EMU,Local,2026-08-22,DIVA,KOPR,19.1886501,73.0424423,,0,2026-08-22T15:24:00+05:30,2026-08-22T15:24:00+05:30,2026-08-22T15:25:00+05:30,2026-08-22T15:26:00+05:30,1.0,at-station,MOVING,42.7,0.0,27,-1.0,1.0,60.083138,-1.7999999999999972,True,-1.0,,9,56,596,5,2.0,2.0
20260822T085927Z-moving-6809face,2026-08-22T09:57:35.202091+00:00,96207,Badlapur Mumbai EMU,EMU,Local,2026-08-22,DIVA,KOPR,19.1886501,73.0424423,,2,2026-08-22T15:24:00+05:30,2026-08-22T15:24:00+05:30,2026-08-22T15:25:00+05:30,2026-08-22T15:27:00+05:30,1.0,at-station,STATIONARY,42.7,0.0,27,0.0,2.0,59.930068,0.0,False,0.0,0.0,9,57,597,5,0.0,-2.0
20260822T085927Z-moving-6809face,2026-08-22T09:58:35.284236+00:00,96207,Badlapur Mumbai EMU,EMU,Local,2026-08-22,KOPR,DI,19.2108898,73.0772933,,0,2026-08-22T15:29:00+05:30,2026-08-22T15:29:00+05:30,2026-08-22T15:25:44+05:30,2026-08-22T15:29:00+05:30,1.0,at-station,MOVING,47.2,0.0,29,2.0,-2.0,60.082145,4.5,True,2.0,269.63085289315154,9,58,598,5,0.0,0.0
20260822T085927Z-moving-6809face,2026-08-22T09:14:47.455611+00:00,96633,TL35 / Mumbai CSMT - Titvala Slow Local,EMU,Local,2026-08-22,SION,CLA,19.073534,72.8409,0.3873873873873874,12,2026-08-22T14:31:00+05:30,2026-08-22T14:31:00+05:30,2026-08-22T14:31:00+05:30,2026-08-22T14:31:00+05:30,,at-station,MOVING,12.9,0.0,12,,,,,False,,,9,14,554,5,12.0,0.0
20260822T085927Z-moving-6809face,2026-08-22T09:15:47.361798+00:00,96633,TL35 / Mumbai CSMT - Titvala Slow Local,EMU,Local,2026-08-22,SION,CLA,19.073534,72.8409,0.3873873873873874,12,2026-08-22T14:31:00+05:30,2026-08-22T14:31:00+05:30,2026-08-22T14:31:00+05:30,2026-08-22T14:31:00+05:30,,at-station,STATIONARY,12.9,0.0,12,12.0,0.0,59.906187,0.0,False,0.0,0.0,9,15,555,5,12.0,0.0
20260822T085927Z-moving-6809face,2026-08-22T09:16:47.378216+00:00,96633,TL35 / Mumbai CSMT - Titvala Slow Local,EMU,Local,2026-08-22,SION,CLA,19.073534,72.8409,0.3873873873873874,12,2026-08-22T14:31:00+05:30,2026-08-22T14:31:00+05:30,2026-08-22T14:31:00+05:30,2026-08-22T14:31:00+05:30,,at-station,STATIONARY,12.9,0.0,12,12.0,0.0,60.016418,0.0,False,0.0,0.0,9,16,556,5,12.0,0.0
20260822T085927Z-moving-6809face,2026-08-22T09:17:47.402453+00:00,96633,TL35 / Mumbai CSMT - Titvala Slow Local,EMU,Local,2026-08-22,SION,CLA,19.073534,72.8409,0.3873873873873874,12,2026-08-22T14:31:00+05:30,2026-08-22T14:31:00+05:30,2026-08-22T14:31:00+05:30,2026-08-22T14:31:00+05:30,,at-station,STATIONARY,12.9,0.0,12,12.0,0.0,60.024237,0.0,False,0.0,0.0,9,17,557,5,15.0,3.0
20260822T085927Z-moving-6809face,2026-08-22T09:18:47.407583+00:00,96633,TL35 / Mumbai CSMT - Titvala Slow Local,EMU,Local,2026-08-22,SION,CLA,19.054249,72.86875,0.3814814814814816,15,2026-08-22T14:31:00+05:30,2026-08-22T14:31:00+05:30,2026-08-22T14:31:00+05:30,2026-08-22T14:31:00+05:30,,departed,MOVING,13.93,1.03,12,12.0,3.0,60.00513,1.0299999999999994,False,0.0,61.79471655173479,9,18,558,5,15.0,0.0
20260822T085927Z-moving-6809face,2026-08-22T09:19:47.357308+00:00,96633,TL35 / Mumbai CSMT - Titvala Slow Local,EMU,Local,2026-08-22,SION,CLA,19.054249,72.86875,0.3814814814814816,15,2026-08-22T14:31:00+05:30,2026-08-22T14:31:00+05:30,2026-08-22T14:31:00+05:30,2026-08-22T14:31:00+05:30,,departed,STATIONARY,13.93,1.03,12,15.0,0.0,59.949725,0.0,False,0.0,0.0,9,19,559,5,15.0,0.0
20260822T085927Z-moving-6809face,2026-08-22T09:20:47.429465+00:00,96633,TL35 / Mumbai CSMT - Titvala Slow Local,EMU,Local,2026-08-22,SION,CLA,19.054249,72.86875,0.3814814814814816,15,2026-08-22T14:31:00+05:30,2026-08-22T14:31:00+05:30,2026-08-22T14:31:00+05:30,2026-08-22T14:31:00+05:30,,departed,STATIONARY,13.93,1.03,12,15.0,0.0,60.072157,0.0,False,0.0,0.0,9,20,560,5,16.0,1.0
20260822T085927Z-moving-6809face,2026-08-22T09:21:47.454389+00:00,96633,TL35 / Mumbai CSMT - Titvala Slow Local,EMU,Local,2026-08-22,CLA,VVH,19.067429,72.88222,0.4684684684684685,16,2026-08-22T14:35:00+05:30,2026-08-22T14:35:00+05:30,2026-08-22T14:34:00+05:30,2026-08-22T14:35:00+05:30,,at-station,MOVING,15.6,0.0,13,15.0,1.0,60.024924,1.67,True,1.0,100.15839420304805,9,21,561,5,16.0,0.0
20260822T085927Z-moving-6809face,2026-08-22T09:22:47.497538+00:00,96633,TL35 / Mumbai CSMT - Titvala Slow Local,EMU,Local,2026-08-22,CLA,VVH,19.067429,72.88222,0.4684684684684685,16,2026-08-22T14:35:00+05:30,2026-08-22T14:35:00+05:30,2026-08-22T14:34:00+05:30,2026-08-22T14:35:00+05:30,,at-station,STATIONARY,15.6,0.0,13,16.0,0.0,60.043149,0.0,False,0.0,0.0,9,22,562,5,14.0,-2.0
20260822T085927Z-moving-6809face,2026-08-22T09:23:47.379443+00:00,96633,TL35 / Mumbai CSMT - Titvala Slow Local,EMU,Local,2026-08-22,VVH,GC,19.077972,72.89654,0.5435435435435436,14,2026-08-22T14:38:00+05:30,2026-08-22T14:38:00+05:30,2026-08-22T14:37:00+05:30,2026-08-22T14:38:00+05:30,,at-station,MOVING,18.1,0.0,15,16.0,-2.0,59.881905,2.5000000000000018,True,2.0,150.29581974721756,9,23,563,5,14.0,0.0
20260822T085927Z-moving-6809face,2026-08-22T09:24:47.589926+00:00,96633,TL35 / Mumbai CSMT - Titvala Slow Local,EMU,Local,2026-08-22,VVH,GC,19.077972,72.89654,0.5435435435435436,14,2026-08-22T14:38:00+05:30,2026-08-22T14:38:00+05:30,2026-08-22T14:37:00+05:30,2026-08-22T14:38:00+05:30,,at-station,STATIONARY,18.1,0.0,15,14.0,0.0,60.210483,0.0,False,0.0,0.0,9,24,564,5,14.0,0.0
20260822T085927Z-moving-6809face,2026-08-22T09:25:47.396645+00:00,96633,TL35 / Mumbai CSMT - Titvala Slow Local,EMU,Local,2026-08-22,VVH,GC,19.077972,72.89654,0.5435435435435436,14,2026-08-22T14:38:00+05:30,2026-08-22T14:38:00+05:30,2026-08-22T14:37:00+05:30,2026-08-22T14:38:00+05:30,,at-station,STATIONARY,18.1,0.0,15,14.0,0.0,59.806719,0.0,False,0.0,0.0,9,25,565,5,14.0,0.0
20260822T085927Z-moving-6809face,2026-08-22T09:26:47.377746+00:00,96633,TL35 / Mumbai CSMT - Titvala Slow Local,EMU,Local,2026-08-22,GC,VK,19.08671,72.90859,0.5825825825825826,14,2026-08-22T14:41:00+05:30,2026-08-22T14:41:00+05:30,2026-08-22T14:42:00+05:30,2026-08-22T14:41:00+05:30,,at-station,MOVING,19.4,0.0,16,14.0,0.0,59.981101,1.2999999999999972,True,1.0,78.02457644116919,9,26,566,5,14.0,0.0
20260822T085927Z-moving-6809face,2026-08-22T09:27:47.396001+00:00,96633,TL35 / Mumbai CSMT - Titvala Slow Local,EMU,Local,2026-08-22,GC,VK,19.08671,72.90859,0.5825825825825826,14,2026-08-22T14:41:00+05:30,2026-08-22T14:41:00+05:30,2026-08-22T14:42:00+05:30,2026-08-22T14:41:00+05:30,,at-station,STATIONARY,19.4,0.0,16,14.0,0.0,60.018255,0.0,False,0.0,0.0,9,27,567,5,15.0,1.0
20260822T085927Z-moving-6809face,2026-08-22T09:28:47.427759+00:00,96633,TL35 / Mumbai CSMT - Titvala Slow Local,EMU,Local,2026-08-22,GC,VK,19.0974693,72.9172897,0.4351351351351348,15,2026-08-22T14:41:00+05:30,2026-08-22T14:41:00+05:30,2026-08-22T14:42:00+05:30,2026-08-22T14:41:00+05:30,1.0,departed,MOVING,19.4,1.61,16,14.0,1.0,60.031758,0.0,False,0.0,0.0,9,28,568,5,15.0,0.0
20260822T085927Z-moving-6809face,2026-08-22T09:29:47.442947+00:00,96633,TL35 / Mumbai CSMT - Titvala Slow Local,EMU,Local,2026-08-22,GC,VK,19.0974693,72.9172897,0.4351351351351348,15,2026-08-22T14:41:00+05:30,2026-08-22T14:41:00+05:30,2026-08-22T14:42:00+05:30,2026-08-22T14:41:00+05:30,1.0,departed,STATIONARY,19.4,1.61,16,15.0,0.0,60.015188,0.0,False,0.0,0.0,9,29,569,5,15.0,0.0
20260822T085927Z-moving-6809face,2026-08-22T09:30:47.379054+00:00,96633,TL35 / Mumbai CSMT - Titvala Slow Local,EMU,Local,2026-08-22,GC,VK,19.0974693,72.9172897,0.4351351351351348,15,2026-08-22T14:41:00+05:30,2026-08-22T14:41:00+05:30,2026-08-22T14:42:00+05:30,2026-08-22T14:41:00+05:30,1.0,departed,STATIONARY,19.4,1.61,16,15.0,0.0,59.936107,0.0,False,0.0,0.0,9,30,570,5,15.0,0.0
20260822T085927Z-moving-6809face,2026-08-22T09:31:47.444691+00:00,96633,TL35 / Mumbai CSMT - Titvala Slow Local,EMU,Local,2026-08-22,GC,VK,19.0974693,72.9172897,0.4351351351351348,15,2026-08-22T14:41:00+05:30,2026-08-22T14:41:00+05:30,2026-08-22T14:42:00+05:30,2026-08-22T14:41:00+05:30,1.0,departed,STATIONARY,19.4,1.61,16,15.0,0.0,60.065637,0.0,False,0.0,0.0,9,31,571,5,15.0,0.0
20260822T085927Z-moving-6809face,2026-08-22T09:40:47.398318+00:00,96633,TL35 / Mumbai CSMT - Titvala Slow Local,EMU,Local,2026-08-22,NHU,MLND,19.15452,72.9468307,0.8558558558558559,15,2026-08-22T14:54:00+05:30,2026-08-22T14:54:00+05:30,2026-08-22T14:53:00+05:30,2026-08-22T14:55:00+05:30,1.0,at-station,MOVING,28.5,0.0,20,15.0,0.0,539.953627,9.100000000000001,True,4.0,60.67187692027487,9,40,580,5,15.0,0.0
20260822T085927Z-moving-6809face,2026-08-22T09:41:47.462342+00:00,96633,TL35 / Mumbai CSMT - Titvala Slow Local,EMU,Local,2026-08-22,NHU,MLND,19.15452,72.9468307,0.8558558558558559,15,2026-08-22T14:54:00+05:30,2026-08-22T14:54:00+05:30,2026-08-22T14:53:00+05:30,2026-08-22T14:55:00+05:30,1.0,at-station,STATIONARY,28.5,0.0,20,15.0,0.0,60.064024,0.0,False,0.0,0.0,9,41,581,5,15.0,0.0
20260822T085927Z-moving-6809face,2026-08-22T09:42:47.383601+00:00,96633,TL35 / Mumbai CSMT - Titvala Slow Local,EMU,Local,2026-08-22,NHU,MLND,19.15452,72.9468307,0.8558558558558559,15,2026-08-22T14:54:00+05:30,2026-08-22T14:54:00+05:30,2026-08-22T14:53:00+05:30,2026-08-22T14:55:00+05:30,1.0,at-station,STATIONARY,28.5,0.0,20,15.0,0.0,59.921259,0.0,False,0.0,0.0,9,42,582,5,15.0,0.0
20260822T085927Z-moving-6809face,2026-08-22T09:43:47.474154+00:00,96633,TL35 / Mumbai CSMT - Titvala Slow Local,EMU,Local,2026-08-22,NHU,MLND,19.15452,72.9468307,0.8558558558558559,15,2026-08-22T14:54:00+05:30,2026-08-22T14:54:00+05:30,2026-08-22T14:53:00+05:30,2026-08-22T14:55:00+05:30,1.0,at-station,STATIONARY,28.5,0.0,20,15.0,0.0,60.090553,0.0,False,0.0,0.0,9,43,583,5,15.0,0.0
20260822T085927Z-moving-6809face,2026-08-22T09:44:47.430945+00:00,96633,TL35 / Mumbai CSMT - Titvala Slow Local,EMU,Local,2026-08-22,MLND,TNA,19.1785583,72.9658889,0.4615384615384619,15,2026-08-22T14:57:00+05:30,2026-08-22T14:57:00+05:30,2026-08-22T14:57:00+05:30,2026-08-22T14:57:00+05:30,1.0,departed,MOVING,30.7,1.2,22,15.0,0.0,59.956791,2.1999999999999993,True,2.0,132.09512830664997,9,44,584,5,15.0,0.0
20260822T085927Z-moving-6809face,2026-08-22T09:45:47.419404+00:00,96633,TL35 / Mumbai CSMT - Titvala Slow Local,EMU,Local,2026-08-22,MLND,TNA,19.1785583,72.9658889,0.4615384615384619,15,2026-08-22T14:57:00+05:30,2026-08-22T14:57:00+05:30,2026-08-22T14:57:00+05:30,2026-08-22T14:57:00+05:30,1.0,departed,STATIONARY,30.7,1.2,22,15.0,0.0,59.988459,0.0,False,0.0,0.0,9,45,585,5,15.0,0.0
20260822T085927Z-moving-6809face,2026-08-22T09:46:47.394791+00:00,96633,TL35 / Mumbai CSMT - Titvala Slow Local,EMU,Local,2026-08-22,MLND,TNA,19.1785583,72.9658889,0.4615384615384619,15,2026-08-22T14:57:00+05:30,2026-08-22T14:57:00+05:30,2026-08-22T14:57:00+05:30,2026-08-22T14:57:00+05:30,1.0,departed,STATIONARY,30.7,1.2,22,15.0,0.0,59.975387,0.0,False,0.0,0.0,9,46,586,5,15.0,0.0
20260822T085927Z-moving-6809face,2026-08-22T09:47:47.461981+00:00,96633,TL35 / Mumbai CSMT - Titvala Slow Local,EMU,Local,2026-08-22,TNA,KLVA,19.1861572,72.9761886,1.0,15,2026-08-22T15:01:00+05:30,2026-08-22T15:01:00+05:30,2026-08-22T15:01:00+05:30,2026-08-22T15:01:00+05:30,2.0,at-station,MOVING,33.3,0.0,23,15.0,0.0,60.06719,2.599999999999998,True,1.0,155.82550140933833,9,47,587,5,15.0,0.0
20260822T085927Z-moving-6809face,2026-08-22T09:48:47.424641+00:00,96633,TL35 / Mumbai CSMT - Titvala Slow Local,EMU,Local,2026-08-22,TNA,KLVA,19.1861572,72.9761886,1.0,15,2026-08-22T15:01:00+05:30,2026-08-22T15:01:00+05:30,2026-08-22T15:01:00+05:30,2026-08-22T15:01:00+05:30,2.0,at-station,STATIONARY,33.3,0.0,23,15.0,0.0,59.96266,0.0,False,0.0,0.0,9,48,588,5,15.0,0.0
20260822T085927Z-moving-6809face,2026-08-22T09:49:47.482571+00:00,96633,TL35 / Mumbai CSMT - Titvala Slow Local,EMU,Local,2026-08-22,TNA,KLVA,19.1861572,72.9761886,1.0,15,2026-08-22T15:01:00+05:30,2026-08-22T15:01:00+05:30,2026-08-22T15:01:00+05:30,2026-08-22T15:01:00+05:30,2.0,at-station,STATIONARY,33.3,0.0,23,15.0,0.0,60.05793,0.0,False,0.0,0.0,9,49,589,5,15.0,0.0
20260822T085927Z-moving-6809face,2026-08-22T09:50:47.472972+00:00,96633,TL35 / Mumbai CSMT - Titvala Slow Local,EMU,Local,2026-08-22,TNA,KLVA,19.1861572,72.9761886,1.0,15,2026-08-22T15:01:00+05:30,2026-08-22T15:01:00+05:30,2026-08-22T15:01:00+05:30,2026-08-22T15:01:00+05:30,2.0,at-station,STATIONARY,33.3,0.0,23,15.0,0.0,59.990401,0.0,False,0.0,0.0,9,50,590,5,24.0,9.0
20260822T085927Z-moving-6809face,2026-08-22T09:57:47.670088+00:00,96633,TL35 / Mumbai CSMT - Titvala Slow Local,EMU,Local,2026-08-22,TNA,KLVA,19.1916236,72.9884796,0.6041666666666652,24,2026-08-22T15:01:00+05:30,2026-08-22T15:01:00+05:30,2026-08-22T15:01:00+05:30,2026-08-22T15:01:00+05:30,2.0,departed,MOVING,33.3,1.45,23,15.0,9.0,420.197116,0.0,False,0.0,0.0,9,57,597,5,24.0,0.0
20260822T085927Z-moving-6809face,2026-08-22T09:58:47.572054+00:00,96633,TL35 / Mumbai CSMT - Titvala Slow Local,EMU,Local,2026-08-22,TNA,KLVA,19.1916236,72.9884796,0.6041666666666652,24,2026-08-22T15:01:00+05:30,2026-08-22T15:01:00+05:30,2026-08-22T15:01:00+05:30,2026-08-22T15:01:00+05:30,2.0,departed,STATIONARY,33.3,1.45,23,24.0,0.0,59.901966,0.0,False,0.0,0.0,9,58,598,5,24.0,0.0
20260822T085927Z-moving-6809face,2026-08-22T09:17:41.269161+00:00,97093,K75 / Mumbai CSMT - Kalyan Slow Local,EMU,Local,2026-08-22,SION,CLA,19.0536384,72.869461,0.3777777777777779,11,2026-08-22T14:35:00+05:30,2026-08-22T14:35:00+05:30,2026-08-22T14:34:00+05:30,2026-08-22T14:35:00+05:30,,departed,MOVING,12.9,1.02,12,,,,,False,,,9,17,557,5,11.0,0.0
20260822T085927Z-moving-6809face,2026-08-22T09:18:41.256132+00:00,97093,K75 / Mumbai CSMT - Kalyan Slow Local,EMU,Local,2026-08-22,SION,CLA,19.0572204,72.8725509,0.5666666666666669,11,2026-08-22T14:35:00+05:30,2026-08-22T14:35:00+05:30,2026-08-22T14:34:00+05:30,2026-08-22T14:35:00+05:30,,departed,MOVING,12.9,1.53,12,11.0,0.0,59.986971,0.0,False,0.0,0.0,9,18,558,5,11.0,0.0
20260822T085927Z-moving-6809face,2026-08-22T09:19:41.306797+00:00,97093,K75 / Mumbai CSMT - Kalyan Slow Local,EMU,Local,2026-08-22,SION,CLA,19.0572204,72.8725509,0.5666666666666669,11,2026-08-22T14:35:00+05:30,2026-08-22T14:35:00+05:30,2026-08-22T14:34:00+05:30,2026-08-22T14:35:00+05:30,,departed,STATIONARY,12.9,1.53,12,11.0,0.0,60.050665,0.0,False,0.0,0.0,9,19,559,5,11.0,0.0
20260822T085927Z-moving-6809face,2026-08-22T09:20:41.262347+00:00,97093,K75 / Mumbai CSMT - Kalyan Slow Local,EMU,Local,2026-08-22,SION,CLA,19.0572204,72.8725509,0.5666666666666669,11,2026-08-22T14:35:00+05:30,2026-08-22T14:35:00+05:30,2026-08-22T14:34:00+05:30,2026-08-22T14:35:00+05:30,,departed,STATIONARY,12.9,1.53,12,11.0,0.0,59.95555,0.0,False,0.0,0.0,9,20,560,5,11.0,0.0
20260822T085927Z-moving-6809face,2026-08-22T09:21:41.311873+00:00,97093,K75 / Mumbai CSMT - Kalyan Slow Local,EMU,Local,2026-08-22,CLA,VVH,19.0651493,72.8794021,0.4684684684684685,11,2026-08-22T14:39:00+05:30,2026-08-22T14:39:00+05:30,2026-08-22T14:38:00+05:30,2026-08-22T14:39:00+05:30,1.0,at-station,MOVING,15.6,0.0,13,11.0,0.0,60.049526,2.6999999999999993,True,1.0,161.8663900860766,9,21,561,5,12.0,1.0
20260822T085927Z-moving-6809face,2026-08-22T09:22:41.335813+00:00,97093,K75 / Mumbai CSMT - Kalyan Slow Local,EMU,Local,2026-08-22,VVH,GC,19.0790939,72.8972625,0.5435435435435436,12,2026-08-22T14:42:00+05:30,2026-08-22T14:42:00+05:30,2026-08-22T14:43:00+05:30,2026-08-22T14:42:00+05:30,1.0,at-station,MOVING,18.1,0.0,15,11.0,1.0,60.02394,2.5000000000000018,True,2.0,149.94017387062573,9,22,562,5,10.0,-2.0
20260822T085927Z-moving-6809face,2026-08-22T09:23:41.315964+00:00,97093,K75 / Mumbai CSMT - Kalyan Slow Local,EMU,Local,2026-08-22,VVH,GC,19.0790939,72.8972625,0.5435435435435436,10,2026-08-22T14:42:00+05:30,2026-08-22T14:42:00+05:30,2026-08-22T14:43:00+05:30,2026-08-22T14:42:00+05:30,1.0,at-station,STATIONARY,18.1,0.0,15,12.0,-2.0,59.980151,0.0,False,0.0,0.0,9,23,563,5,13.0,3.0
20260822T085927Z-moving-6809face,2026-08-22T09:24:41.421707+00:00,97093,K75 / Mumbai CSMT - Kalyan Slow Local,EMU,Local,2026-08-22,CLA,VVH,19.0651493,72.8794021,0.4684684684684685,13,2026-08-22T14:39:00+05:30,2026-08-22T14:39:00+05:30,2026-08-22T14:38:00+05:30,2026-08-22T14:39:00+05:30,1.0,at-station,MOVING,15.6,0.0,13,10.0,3.0,60.105743,-2.5000000000000018,True,-2.0,,9,24,564,5,10.0,-3.0
20260822T085927Z-moving-6809face,2026-08-22T09:25:41.343595+00:00,97093,K75 / Mumbai CSMT - Kalyan Slow Local,EMU,Local,2026-08-22,GC,VK,19.0855998,72.9081192,0.5825825825825826,10,2026-08-22T14:45:00+05:30,2026-08-22T14:45:00+05:30,2026-08-22T14:46:00+05:30,2026-08-22T14:45:00+05:30,1.0,at-station,MOVING,19.4,0.0,16,13.0,-3.0,59.921888,3.799999999999999,True,3.0,228.29721253108704,9,25,565,5,10.0,0.0
20260822T085927Z-moving-6809face,2026-08-22T09:26:41.346614+00:00,97093,K75 / Mumbai CSMT - Kalyan Slow Local,EMU,Local,2026-08-22,GC,VK,19.0855998,72.9081192,0.5825825825825826,10,2026-08-22T14:45:00+05:30,2026-08-22T14:45:00+05:30,2026-08-22T14:46:00+05:30,2026-08-22T14:45:00+05:30,1.0,at-station,STATIONARY,19.4,0.0,16,10.0,0.0,60.003019,0.0,False,0.0,0.0,9,26,566,5,10.0,0.0
20260822T085927Z-moving-6809face,2026-08-22T09:27:41.248717+00:00,97093,K75 / Mumbai CSMT - Kalyan Slow Local,EMU,Local,2026-08-22,GC,VK,19.0855998,72.9081192,0.5825825825825826,10,2026-08-22T14:45:00+05:30,2026-08-22T14:45:00+05:30,2026-08-22T14:46:00+05:30,2026-08-22T14:45:00+05:30,1.0,at-station,STATIONARY,19.4,0.0,16,10.0,0.0,59.902103,0.0,False,0.0,0.0,9,27,567,5,10.0,0.0
20260822T085927Z-moving-6809face,2026-08-22T09:28:41.316747+00:00,97093,K75 / Mumbai CSMT - Kalyan Slow Local,EMU,Local,2026-08-22,GC,VK,19.0855998,72.9081192,0.5825825825825826,10,2026-08-22T14:45:00+05:30,2026-08-22T14:45:00+05:30,2026-08-22T14:46:00+05:30,2026-08-22T14:45:00+05:30,1.0,at-station,STATIONARY,19.4,0.0,16,10.0,0.0,60.06803,0.0,False,0.0,0.0,9,28,568,5,10.0,0.0
20260822T085927Z-moving-6809face,2026-08-22T09:29:41.308861+00:00,97093,K75 / Mumbai CSMT - Kalyan Slow Local,EMU,Local,2026-08-22,GC,VK,19.0855998,72.9081192,0.5825825825825826,10,2026-08-22T14:45:00+05:30,2026-08-22T14:45:00+05:30,2026-08-22T14:46:00+05:30,2026-08-22T14:45:00+05:30,1.0,at-station,STATIONARY,19.4,0.0,16,10.0,0.0,59.992114,0.0,False,0.0,0.0,9,29,569,5,12.0,2.0
20260822T085927Z-moving-6809face,2026-08-22T09:31:41.262149+00:00,97093,K75 / Mumbai CSMT - Kalyan Slow Local,EMU,Local,2026-08-22,VK,KJRD,19.1180343,72.9283905,0.6936936936936938,12,2026-08-22T14:49:00+05:30,2026-08-22T14:49:00+05:30,2026-08-22T14:48:00+05:30,2026-08-22T14:49:00+05:30,1.0,at-station,MOVING,23.1,0.0,17,10.0,2.0,119.953288,3.700000000000003,True,1.0,111.04322542621766,9,31,571,5,12.0,0.0
20260822T085927Z-moving-6809face,2026-08-22T09:32:41.278595+00:00,97093,K75 / Mumbai CSMT - Kalyan Slow Local,EMU,Local,2026-08-22,VK,KJRD,19.1180343,72.9283905,0.6936936936936938,12,2026-08-22T14:49:00+05:30,2026-08-22T14:49:00+05:30,2026-08-22T14:48:00+05:30,2026-08-22T14:49:00+05:30,1.0,at-station,STATIONARY,23.1,0.0,17,12.0,0.0,60.016446,0.0,False,0.0,0.0,9,32,572,5,12.0,0.0
20260822T085927Z-moving-6809face,2026-08-22T09:33:41.313766+00:00,97093,K75 / Mumbai CSMT - Kalyan Slow Local,EMU,Local,2026-08-22,VK,KJRD,19.1180343,72.9283905,0.6936936936936938,12,2026-08-22T14:49:00+05:30,2026-08-22T14:49:00+05:30,2026-08-22T14:48:00+05:30,2026-08-22T14:49:00+05:30,1.0,at-station,STATIONARY,23.1,0.0,17,12.0,0.0,60.035171,0.0,False,0.0,0.0,9,33,573,5,16.0,4.0
20260822T085927Z-moving-6809face,2026-08-22T09:34:41.399599+00:00,97093,K75 / Mumbai CSMT - Kalyan Slow Local,EMU,Local,2026-08-22,GC,VK,19.0855998,72.9081192,0.5825825825825826,16,2026-08-22T14:45:00+05:30,2026-08-22T14:45:00+05:30,2026-08-22T14:46:00+05:30,2026-08-22T14:45:00+05:30,1.0,at-station,MOVING,19.4,0.0,16,12.0,4.0,60.085833,-3.700000000000003,True,-1.0,,9,34,574,5,13.0,-3.0
20260822T085927Z-moving-6809face,2026-08-22T09:35:41.266437+00:00,97093,K75 / Mumbai CSMT - Kalyan Slow Local,EMU,Local,2026-08-22,KJRD,BND,19.1362934,72.9337463,0.5777777777777776,13,2026-08-22T14:52:00+05:30,2026-08-22T14:52:00+05:30,2026-08-22T14:51:00+05:30,2026-08-22T14:53:00+05:30,1.0,departed,MOVING,25.0,1.04,18,16.0,-3.0,59.866838,5.600000000000001,True,2.0,336.7473658789196,9,35,575,5,11.0,-2.0
20260822T085927Z-moving-6809face,2026-08-22T09:36:41.384846+00:00,97093,K75 / Mumbai CSMT - Kalyan Slow Local,EMU,Local,2026-08-22,KJRD,BND,19.1362934,72.9337463,0.5777777777777776,11,2026-08-22T14:52:00+05:30,2026-08-22T14:52:00+05:30,2026-08-22T14:51:00+05:30,2026-08-22T14:53:00+05:30,1.0,departed,STATIONARY,25.0,1.04,18,13.0,-2.0,60.118409,0.0,False,0.0,0.0,9,36,576,5,11.0,0.0
20260822T085927Z-moving-6809face,2026-08-22T09:37:41.310260+00:00,97093,K75 / Mumbai CSMT - Kalyan Slow Local,EMU,Local,2026-08-22,KJRD,BND,19.1362934,72.9337463,0.5777777777777776,11,2026-08-22T14:52:00+05:30,2026-08-22T14:52:00+05:30,2026-08-22T14:51:00+05:30,2026-08-22T14:53:00+05:30,1.0,departed,STATIONARY,25.0,1.04,18,11.0,0.0,59.925414,0.0,False,0.0,0.0,9,37,577,5,11.0,0.0
20260822T085927Z-moving-6809face,2026-08-22T09:38:41.357138+00:00,97093,K75 / Mumbai CSMT - Kalyan Slow Local,EMU,Local,2026-08-22,BND,NHU,19.1500205,72.9435043,0.5941176470588238,11,2026-08-22T14:55:00+05:30,2026-08-22T14:55:00+05:30,2026-08-22T14:56:00+05:30,2026-08-22T14:56:00+05:30,1.0,departed,MOVING,26.8,1.01,19,11.0,0.0,60.046878,1.8000000000000007,True,1.0,107.91568547493847,9,38,578,5,11.0,0.0
20260822T085927Z-moving-6809face,2026-08-22T09:39:41.318213+00:00,97093,K75 / Mumbai CSMT - Kalyan Slow Local,EMU,Local,2026-08-22,BND,NHU,19.1500205,72.9435043,0.5941176470588238,11,2026-08-22T14:55:00+05:30,2026-08-22T14:55:00+05:30,2026-08-22T14:56:00+05:30,2026-08-22T14:56:00+05:30,1.0,departed,STATIONARY,26.8,1.01,19,11.0,0.0,59.961075,0.0,False,0.0,0.0,9,39,579,5,11.0,0.0
20260822T085927Z-moving-6809face,2026-08-22T09:40:41.361919+00:00,97093,K75 / Mumbai CSMT - Kalyan Slow Local,EMU,Local,2026-08-22,BND,NHU,19.1500205,72.9435043,0.5941176470588238,11,2026-08-22T14:55:00+05:30,2026-08-22T14:55:00+05:30,2026-08-22T14:56:00+05:30,2026-08-22T14:56:00+05:30,1.0,departed,STATIONARY,26.8,1.01,19,11.0,0.0,60.043706,0.0,False,0.0,0.0,9,40,580,5,11.0,0.0
20260822T085927Z-moving-6809face,2026-08-22T09:41:41.423866+00:00,97093,K75 / Mumbai CSMT - Kalyan Slow Local,EMU,Local,2026-08-22,BND,NHU,19.1500205,72.9435043,0.5941176470588238,11,2026-08-22T14:55:00+05:30,2026-08-22T14:55:00+05:30,2026-08-22T14:56:00+05:30,2026-08-22T14:56:00+05:30,1.0,departed,STATIONARY,26.8,1.01,19,11.0,0.0,60.061947,0.0,False,0.0,0.0,9,41,581,5,10.0,-1.0
20260822T085927Z-moving-6809face,2026-08-22T09:50:41.379708+00:00,97093,K75 / Mumbai CSMT - Kalyan Slow Local,EMU,Local,2026-08-22,KLVA,MBQ,19.19528,72.9966964,,10,2026-08-22T15:10:00+05:30,2026-08-22T15:10:00+05:30,2026-08-22T15:09:00+05:30,2026-08-22T15:10:00+05:30,1.0,at-station,MOVING,35.7,0.0,24,11.0,-1.0,539.955842,8.900000000000002,True,5.0,59.33818565852282,9,50,590,5,10.0,0.0
20260822T085927Z-moving-6809face,2026-08-22T09:51:41.292192+00:00,97093,K75 / Mumbai CSMT - Kalyan Slow Local,EMU,Local,2026-08-22,KLVA,MBQ,19.19528,72.9966964,,10,2026-08-22T15:10:00+05:30,2026-08-22T15:10:00+05:30,2026-08-22T15:09:00+05:30,2026-08-22T15:10:00+05:30,1.0,at-station,STATIONARY,35.7,0.0,24,10.0,0.0,59.912484,0.0,False,0.0,0.0,9,51,591,5,10.0,0.0
20260822T085927Z-moving-6809face,2026-08-22T09:52:41.434797+00:00,97093,K75 / Mumbai CSMT - Kalyan Slow Local,EMU,Local,2026-08-22,KLVA,MBQ,19.19528,72.9966964,,10,2026-08-22T15:10:00+05:30,2026-08-22T15:10:00+05:30,2026-08-22T15:09:00+05:30,2026-08-22T15:10:00+05:30,1.0,at-station,STATIONARY,35.7,0.0,24,10.0,0.0,60.142605,0.0,False,0.0,0.0,9,52,592,5,10.0,0.0
20260822T085927Z-moving-6809face,2026-08-22T09:11:29.093122+00:00,97095,K79 / Mumbai CSMT - Kalyan Slow Local,EMU,Local,2026-08-22,DR,MTN,19.016071,72.84219,0.2702702702702703,2,2026-08-22T14:38:00+05:30,2026-08-22T14:38:00+05:30,2026-08-22T14:38:00+05:30,2026-08-22T14:38:00+05:30,,at-station,MOVING,9.0,0.0,10,,,,,False,,,9,11,551,5,0.0,-2.0
20260822T085927Z-moving-6809face,2026-08-22T09:12:29.030293+00:00,97095,K79 / Mumbai CSMT - Kalyan Slow Local,EMU,Local,2026-08-22,DR,MTN,19.016071,72.84219,0.2702702702702703,0,2026-08-22T14:38:00+05:30,2026-08-22T14:38:00+05:30,2026-08-22T14:38:00+05:30,2026-08-22T14:42:00+05:30,,at-station,STATIONARY,9.0,0.0,10,2.0,-2.0,59.937171,0.0,False,0.0,0.0,9,12,552,5,0.0,0.0
20260822T085927Z-moving-6809face,2026-08-22T09:13:29.198410+00:00,97095,K79 / Mumbai CSMT - Kalyan Slow Local,EMU,Local,2026-08-22,SION,CLA,19.0522747,72.8682785,0.3873873873873874,0,2026-08-22T14:44:00+05:30,2026-08-22T14:44:00+05:30,2026-08-22T14:43:38+05:30,2026-08-22T14:44:00+05:30,,at-station,MOVING,12.9,0.0,12,0.0,0.0,60.168117,3.9000000000000004,True,2.0,233.3461756830449,9,13,553,5,0.0,0.0
20260822T085927Z-moving-6809face,2026-08-22T09:14:28.967654+00:00,97095,K79 / Mumbai CSMT - Kalyan Slow Local,EMU,Local,2026-08-22,SION,CLA,19.0522747,72.8682785,0.3873873873873874,0,2026-08-22T14:44:00+05:30,2026-08-22T14:44:00+05:30,2026-08-22T14:43:38+05:30,2026-08-22T14:44:00+05:30,,at-station,STATIONARY,12.9,0.0,12,0.0,0.0,59.769244,0.0,False,0.0,0.0,9,14,554,5,0.0,0.0
20260822T085927Z-moving-6809face,2026-08-22T09:15:29.088765+00:00,97095,K79 / Mumbai CSMT - Kalyan Slow Local,EMU,Local,2026-08-22,SION,CLA,19.0522747,72.8682785,0.3873873873873874,0,2026-08-22T14:44:00+05:30,2026-08-22T14:44:00+05:30,2026-08-22T14:43:38+05:30,2026-08-22T14:45:00+05:30,,at-station,STATIONARY,12.9,0.0,12,0.0,0.0,60.121111,0.0,False,0.0,0.0,9,15,555,5,0.0,0.0
20260822T085927Z-moving-6809face,2026-08-22T09:16:29.142845+00:00,97095,K79 / Mumbai CSMT - Kalyan Slow Local,EMU,Local,2026-08-22,SION,CLA,19.0522747,72.8682785,0.3873873873873874,0,2026-08-22T14:44:00+05:30,2026-08-22T14:44:00+05:30,2026-08-22T14:43:38+05:30,2026-08-22T14:46:00+05:30,,at-station,STATIONARY,12.9,0.0,12,0.0,0.0,60.05408,0.0,False,0.0,0.0,9,16,556,5,0.0,0.0
20260822T085927Z-moving-6809face,2026-08-22T09:17:28.979202+00:00,97095,K79 / Mumbai CSMT - Kalyan Slow Local,EMU,Local,2026-08-22,SION,CLA,19.0522747,72.8682785,0.3873873873873874,0,2026-08-22T14:44:00+05:30,2026-08-22T14:44:00+05:30,2026-08-22T14:43:38+05:30,2026-08-22T14:47:00+05:30,,at-station,STATIONARY,12.9,0.0,12,0.0,0.0,59.836357,0.0,False,0.0,0.0,9,17,557,5,0.0,0.0
20260822T085927Z-moving-6809face,2026-08-22T09:18:29.102743+00:00,97095,K79 / Mumbai CSMT - Kalyan Slow Local,EMU,Local,2026-08-22,SION,CLA,19.0516853,72.8677749,0.3873873873873874,0,2026-08-22T14:44:00+05:30,2026-08-22T14:44:00+05:30,2026-08-22T14:43:38+05:30,2026-08-22T14:48:00+05:30,,at-station,MOVING,12.9,0.0,12,0.0,0.0,60.123541,0.0,False,0.0,0.0,9,18,558,5,0.0,0.0
20260822T085927Z-moving-6809face,2026-08-22T09:19:28.996060+00:00,97095,K79 / Mumbai CSMT - Kalyan Slow Local,EMU,Local,2026-08-22,SION,CLA,19.0516853,72.8677749,0.3873873873873874,0,2026-08-22T14:44:00+05:30,2026-08-22T14:44:00+05:30,2026-08-22T14:43:38+05:30,2026-08-22T14:49:00+05:30,,at-station,STATIONARY,12.9,0.0,12,0.0,0.0,59.893317,0.0,False,0.0,0.0,9,19,559,5,3.0,3.0
20260822T085927Z-moving-6809face,2026-08-22T09:20:29.096958+00:00,97095,K79 / Mumbai CSMT - Kalyan Slow Local,EMU,Local,2026-08-22,SION,CLA,19.0516853,72.8677749,0.3873873873873874,3,2026-08-22T14:44:00+05:30,2026-08-22T14:44:00+05:30,2026-08-22T14:43:38+05:30,2026-08-22T14:50:00+05:30,,at-station,STATIONARY,12.9,0.0,12,0.0,3.0,60.100898,0.0,False,0.0,0.0,9,20,560,5,0.0,-3.0
20260822T085927Z-moving-6809face,2026-08-22T09:21:28.972557+00:00,97095,K79 / Mumbai CSMT - Kalyan Slow Local,EMU,Local,2026-08-22,SION,CLA,19.0516853,72.8677749,0.3873873873873874,0,2026-08-22T14:44:00+05:30,2026-08-22T14:44:00+05:30,2026-08-22T14:43:38+05:30,2026-08-22T14:51:00+05:30,,at-station,STATIONARY,12.9,0.0,12,3.0,-3.0,59.875599,0.0,False,0.0,0.0,9,21,561,5,3.0,3.0
20260822T085927Z-moving-6809face,2026-08-22T09:22:29.548535+00:00,97095,K79 / Mumbai CSMT - Kalyan Slow Local,EMU,Local,2026-08-22,CLA,VVH,19.0651493,72.8794021,0.4684684684684685,3,2026-08-22T14:48:00+05:30,2026-08-22T14:48:00+05:30,2026-08-22T14:47:19+05:30,2026-08-22T14:52:00+05:30,1.0,at-station,MOVING,15.6,0.0,13,0.0,3.0,60.575978,2.6999999999999993,True,1.0,160.4596462313823,9,22,562,5,3.0,0.0
20260822T085927Z-moving-6809face,2026-08-22T09:23:29.176062+00:00,97095,K79 / Mumbai CSMT - Kalyan Slow Local,EMU,Local,2026-08-22,CLA,VVH,19.0651493,72.8794021,0.4684684684684685,3,2026-08-22T14:48:00+05:30,2026-08-22T14:48:00+05:30,2026-08-22T14:47:19+05:30,2026-08-22T14:53:00+05:30,1.0,at-station,STATIONARY,15.6,0.0,13,3.0,0.0,59.627527,0.0,False,0.0,0.0,9,23,563,5,3.0,0.0
20260822T085927Z-moving-6809face,2026-08-22T09:24:29.201946+00:00,97095,K79 / Mumbai CSMT - Kalyan Slow Local,EMU,Local,2026-08-22,CLA,VVH,19.0651493,72.8794021,0.4684684684684685,3,2026-08-22T14:48:00+05:30,2026-08-22T14:48:00+05:30,2026-08-22T14:47:19+05:30,2026-08-22T14:54:00+05:30,1.0,at-station,STATIONARY,15.6,0.0,13,3.0,0.0,60.025884,0.0,False,0.0,0.0,9,24,564,5,-1.0,-4.0
20260822T085927Z-moving-6809face,2026-08-22T09:25:29.011965+00:00,97095,K79 / Mumbai CSMT - Kalyan Slow Local,EMU,Local,2026-08-22,CLA,VVH,19.0651493,72.8794021,0.4684684684684685,-1,2026-08-22T14:48:00+05:30,2026-08-22T14:48:00+05:30,2026-08-22T14:47:19+05:30,2026-08-22T14:55:00+05:30,1.0,at-station,STATIONARY,15.6,0.0,13,3.0,-4.0,59.810019,0.0,False,0.0,0.0,9,25,565,5,2.0,3.0
20260822T085927Z-moving-6809face,2026-08-22T09:26:29.254681+00:00,97095,K79 / Mumbai CSMT - Kalyan Slow Local,EMU,Local,2026-08-22,GC,VK,19.0855998,72.9081192,0.5825825825825826,2,2026-08-22T14:54:00+05:30,2026-08-22T14:54:00+05:30,2026-08-22T14:54:41+05:30,2026-08-22T14:56:00+05:30,1.0,at-station,MOVING,19.4,0.0,16,-1.0,3.0,60.242716,3.799999999999999,True,3.0,227.08139520137166,9,26,566,5,2.0,0.0
20260822T085927Z-moving-6809face,2026-08-22T09:27:29.114336+00:00,97095,K79 / Mumbai CSMT - Kalyan Slow Local,EMU,Local,2026-08-22,GC,VK,19.0855998,72.9081192,0.5825825825825826,2,2026-08-22T14:54:00+05:30,2026-08-22T14:54:00+05:30,2026-08-22T14:54:41+05:30,2026-08-22T14:57:00+05:30,1.0,at-station,STATIONARY,19.4,0.0,16,2.0,0.0,59.859655,0.0,False,0.0,0.0,9,27,567,5,1.0,-1.0
20260822T085927Z-moving-6809face,2026-08-22T09:28:28.975230+00:00,97095,K79 / Mumbai CSMT - Kalyan Slow Local,EMU,Local,2026-08-22,GC,VK,19.0855998,72.9081192,0.5825825825825826,1,2026-08-22T14:54:00+05:30,2026-08-22T14:54:00+05:30,2026-08-22T14:54:41+05:30,2026-08-22T14:58:00+05:30,1.0,at-station,STATIONARY,19.4,0.0,16,2.0,-1.0,59.860894,0.0,False,0.0,0.0,9,28,568,5,2.0,1.0
20260822T085927Z-moving-6809face,2026-08-22T09:29:29.250177+00:00,97095,K79 / Mumbai CSMT - Kalyan Slow Local,EMU,Local,2026-08-22,GC,VK,19.0855998,72.9081192,0.5825825825825826,2,2026-08-22T14:54:00+05:30,2026-08-22T14:54:00+05:30,2026-08-22T14:54:41+05:30,2026-08-22T14:59:00+05:30,1.0,at-station,STATIONARY,19.4,0.0,16,1.0,1.0,60.274947,0.0,False,0.0,0.0,9,29,569,5,1.0,-1.0
20260822T085927Z-moving-6809face,2026-08-22T09:30:28.986461+00:00,97095,K79 / Mumbai CSMT - Kalyan Slow Local,EMU,Local,2026-08-22,GC,VK,19.0855998,72.9081192,0.5825825825825826,1,2026-08-22T14:54:00+05:30,2026-08-22T14:54:00+05:30,2026-08-22T14:54:41+05:30,2026-08-22T15:00:00+05:30,1.0,at-station,STATIONARY,19.4,0.0,16,2.0,-1.0,59.736284,0.0,False,0.0,0.0,9,30,570,5,2.0,1.0
20260822T085927Z-moving-6809face,2026-08-22T09:31:29.085462+00:00,97095,K79 / Mumbai CSMT - Kalyan Slow Local,EMU,Local,2026-08-22,VK,KJRD,19.1119403,72.9284667,0.6936936936936938,2,2026-08-22T14:58:00+05:30,2026-08-22T14:58:00+05:30,2026-08-22T14:58:28+05:30,2026-08-22T15:01:00+05:30,1.0,at-station,MOVING,23.1,0.0,17,1.0,1.0,60.099001,3.700000000000003,True,1.0,221.63429971157106,9,31,571,5,0.0,-2.0
20260822T085927Z-moving-6809face,2026-08-22T09:32:28.992813+00:00,97095,K79 / Mumbai CSMT - Kalyan Slow Local,EMU,Local,2026-08-22,VK,KJRD,19.1119403,72.9284667,0.6936936936936938,0,2026-08-22T14:58:00+05:30,2026-08-22T14:58:00+05:30,2026-08-22T14:58:28+05:30,2026-08-22T15:02:00+05:30,1.0,at-station,STATIONARY,23.1,0.0,17,2.0,-2.0,59.907351,0.0,False,0.0,0.0,9,32,572,5,3.0,3.0
20260822T085927Z-moving-6809face,2026-08-22T09:33:29.072698+00:00,97095,K79 / Mumbai CSMT - Kalyan Slow Local,EMU,Local,2026-08-22,VK,KJRD,19.1119403,72.9284667,0.6936936936936938,3,2026-08-22T14:58:00+05:30,2026-08-22T14:58:00+05:30,2026-08-22T14:58:28+05:30,2026-08-22T15:03:00+05:30,1.0,at-station,STATIONARY,23.1,0.0,17,0.0,3.0,60.079885,0.0,False,0.0,0.0,9,33,573,5,0.0,-3.0
20260822T085927Z-moving-6809face,2026-08-22T09:34:28.974240+00:00,97095,K79 / Mumbai CSMT - Kalyan Slow Local,EMU,Local,2026-08-22,VK,KJRD,19.1119403,72.9284667,0.6936936936936938,0,2026-08-22T14:58:00+05:30,2026-08-22T14:58:00+05:30,2026-08-22T14:58:28+05:30,2026-08-22T15:04:00+05:30,1.0,at-station,STATIONARY,23.1,0.0,17,3.0,-3.0,59.901542,0.0,False,0.0,0.0,9,34,574,5,2.0,2.0
20260822T085927Z-moving-6809face,2026-08-22T09:35:29.223149+00:00,97095,K79 / Mumbai CSMT - Kalyan Slow Local,EMU,Local,2026-08-22,KJRD,BND,19.1281509,72.9282531,0.7507507507507508,2,2026-08-22T15:01:00+05:30,2026-08-22T15:01:00+05:30,2026-08-22T15:04:21+05:30,2026-08-22T15:05:00+05:30,1.0,at-station,MOVING,25.0,0.0,18,0.0,2.0,60.248909,1.8999999999999986,True,1.0,113.52902672478261,9,35,575,5,3.0,1.0
20260822T085927Z-moving-6809face,2026-08-22T09:36:28.991493+00:00,97095,K79 / Mumbai CSMT - Kalyan Slow Local,EMU,Local,2026-08-22,KJRD,BND,19.1281509,72.9282531,0.7507507507507508,3,2026-08-22T15:01:00+05:30,2026-08-22T15:01:00+05:30,2026-08-22T15:04:21+05:30,2026-08-22T15:06:00+05:30,1.0,at-station,STATIONARY,25.0,0.0,18,2.0,1.0,59.768344,0.0,False,0.0,0.0,9,36,576,5,2.0,-1.0
20260822T085927Z-moving-6809face,2026-08-22T09:37:29.065665+00:00,97095,K79 / Mumbai CSMT - Kalyan Slow Local,EMU,Local,2026-08-22,BND,NHU,19.1422805,72.9377899,0.8048048048048049,2,2026-08-22T15:04:00+05:30,2026-08-22T15:04:00+05:30,2026-08-22T15:04:54+05:30,2026-08-22T15:07:00+05:30,1.0,at-station,MOVING,26.8,0.0,19,3.0,-1.0,60.074172,1.8000000000000007,True,1.0,107.86665524079137,9,37,577,5,2.0,0.0
20260822T085927Z-moving-6809face,2026-08-22T09:38:29.146330+00:00,97095,K79 / Mumbai CSMT - Kalyan Slow Local,EMU,Local,2026-08-22,BND,NHU,19.1422805,72.9377899,0.8048048048048049,2,2026-08-22T15:04:00+05:30,2026-08-22T15:04:00+05:30,2026-08-22T15:04:54+05:30,2026-08-22T15:08:00+05:30,1.0,at-station,STATIONARY,26.8,0.0,19,2.0,0.0,60.080665,0.0,False,0.0,0.0,9,38,578,5,1.0,-1.0
20260822T085927Z-moving-6809face,2026-08-22T09:39:29.015964+00:00,97095,K79 / Mumbai CSMT - Kalyan Slow Local,EMU,Local,2026-08-22,BND,NHU,19.1422805,72.9377899,0.8048048048048049,1,2026-08-22T15:04:00+05:30,2026-08-22T15:04:00+05:30,2026-08-22T15:04:54+05:30,2026-08-22T15:09:00+05:30,1.0,at-station,STATIONARY,26.8,0.0,19,2.0,-1.0,59.869634,0.0,False,0.0,0.0,9,39,579,5,3.0,2.0
20260822T085927Z-moving-6809face,2026-08-22T09:40:29.233924+00:00,97095,K79 / Mumbai CSMT - Kalyan Slow Local,EMU,Local,2026-08-22,BND,NHU,19.1500205,72.9435043,0.5941176470588238,3,2026-08-22T15:04:00+05:30,2026-08-22T15:04:00+05:30,2026-08-22T15:04:54+05:30,2026-08-22T15:06:30+05:30,1.0,departed,MOVING,26.8,1.01,19,1.0,2.0,60.21796,0.0,False,0.0,0.0,9,40,580,5,2.0,-1.0
20260822T085927Z-moving-6809face,2026-08-22T09:41:29.101112+00:00,97095,K79 / Mumbai CSMT - Kalyan Slow Local,EMU,Local,2026-08-22,CRNM,MLND,19.1637897,72.9509887,0.891891891891892,2,2026-08-22T15:09:00+05:30,2026-08-22T15:09:00+05:30,2026-08-22T15:11:08+05:30,2026-08-22T15:11:00+05:30,,at-station,MOVING,29.7,0.0,21,3.0,-1.0,59.867188,2.8999999999999986,True,2.0,174.38600924432922,9,41,581,5,2.0,0.0
20260822T085927Z-moving-6809face,2026-08-22T09:42:28.977625+00:00,97095,K79 / Mumbai CSMT - Kalyan Slow Local,EMU,Local,2026-08-22,CRNM,MLND,19.1637897,72.9509887,0.891891891891892,2,2026-08-22T15:09:00+05:30,2026-08-22T15:09:00+05:30,2026-08-22T15:11:08+05:30,2026-08-22T15:12:00+05:30,,at-station,STATIONARY,29.7,0.0,21,2.0,0.0,59.876513,0.0,False,0.0,0.0,9,42,582,5,2.0,0.0
20260822T085927Z-moving-6809face,2026-08-22T09:43:29.174807+00:00,97095,K79 / Mumbai CSMT - Kalyan Slow Local,EMU,Local,2026-08-22,MLND,TNA,19.17173,72.9566268,0.921921921921922,2,2026-08-22T15:10:00+05:30,2026-08-22T15:10:00+05:30,2026-08-22T15:13:07+05:30,2026-08-22T15:13:00+05:30,1.0,at-station,MOVING,30.7,0.0,22,2.0,0.0,60.197182,1.0,True,1.0,59.80346388972162,9,43,583,5,3.0,1.0
20260822T085927Z-moving-6809face,2026-08-22T09:44:28.987904+00:00,97095,K79 / Mumbai CSMT - Kalyan Slow Local,EMU,Local,2026-08-22,MLND,TNA,19.17173,72.9566268,0.921921921921922,3,2026-08-22T15:10:00+05:30,2026-08-22T15:10:00+05:30,2026-08-22T15:13:07+05:30,2026-08-22T15:14:00+05:30,1.0,at-station,STATIONARY,30.7,0.0,22,2.0,1.0,59.813097,0.0,False,0.0,0.0,9,44,584,5,3.0,0.0
20260822T085927Z-moving-6809face,2026-08-22T09:45:29.151185+00:00,97095,K79 / Mumbai CSMT - Kalyan Slow Local,EMU,Local,2026-08-22,MLND,TNA,19.17173,72.9566268,0.921921921921922,3,2026-08-22T15:10:00+05:30,2026-08-22T15:10:00+05:30,2026-08-22T15:13:07+05:30,2026-08-22T15:15:00+05:30,1.0,at-station,STATIONARY,30.7,0.0,22,3.0,0.0,60.163281,0.0,False,0.0,0.0,9,45,585,5,0.0,-3.0
20260822T085927Z-moving-6809face,2026-08-22T09:46:29.084949+00:00,97095,K79 / Mumbai CSMT - Kalyan Slow Local,EMU,Local,2026-08-22,TNA,KLVA,19.1861572,72.9761886,1.0,0,2026-08-22T15:15:00+05:30,2026-08-22T15:15:00+05:30,2026-08-22T15:15:41+05:30,2026-08-22T15:16:00+05:30,2.0,at-station,MOVING,33.3,0.0,23,3.0,-3.0,59.933764,2.599999999999998,True,1.0,156.17240392243664,9,46,586,5,0.0,0.0
20260822T085927Z-moving-6809face,2026-08-22T09:47:29.109940+00:00,97095,K79 / Mumbai CSMT - Kalyan Slow Local,EMU,Local,2026-08-22,TNA,KLVA,19.1861572,72.9761886,1.0,0,2026-08-22T15:15:00+05:30,2026-08-22T15:15:00+05:30,2026-08-22T15:15:41+05:30,2026-08-22T15:17:00+05:30,2.0,at-station,STATIONARY,33.3,0.0,23,0.0,0.0,60.024991,0.0,False,0.0,0.0,9,47,587,5,0.0,0.0
20260822T085927Z-moving-6809face,2026-08-22T09:48:29.222650+00:00,97095,K79 / Mumbai CSMT - Kalyan Slow Local,EMU,Local,2026-08-22,TNA,KLVA,19.1861572,72.9761886,1.0,0,2026-08-22T15:15:00+05:30,2026-08-22T15:15:00+05:30,2026-08-22T15:15:41+05:30,2026-08-22T15:18:00+05:30,2.0,at-station,STATIONARY,33.3,0.0,23,0.0,0.0,60.11271,0.0,False,0.0,0.0,9,48,588,5,0.0,0.0
20260822T085927Z-moving-6809face,2026-08-22T09:49:29.129411+00:00,97095,K79 / Mumbai CSMT - Kalyan Slow Local,EMU,Local,2026-08-22,KLVA,MBQ,19.19528,72.9966964,,0,2026-08-22T15:20:00+05:30,2026-08-22T15:20:00+05:30,2026-08-22T15:19:00+05:30,2026-08-22T15:20:00+05:30,1.0,at-station,MOVING,35.7,0.0,24,0.0,0.0,59.906761,2.4000000000000057,True,1.0,144.22412188166908,9,49,589,5,0.0,0.0
20260822T085927Z-moving-6809face,2026-08-22T09:50:29.105889+00:00,97095,K79 / Mumbai CSMT - Kalyan Slow Local,EMU,Local,2026-08-22,KLVA,MBQ,19.19528,72.9966964,,0,2026-08-22T15:20:00+05:30,2026-08-22T15:20:00+05:30,2026-08-22T15:19:00+05:30,2026-08-22T15:20:00+05:30,1.0,at-station,STATIONARY,35.7,0.0,24,0.0,0.0,59.976478,0.0,False,0.0,0.0,9,50,590,5,0.0,0.0
20260822T085927Z-moving-6809face,2026-08-22T09:51:29.084808+00:00,97095,K79 / Mumbai CSMT - Kalyan Slow Local,EMU,Local,2026-08-22,KLVA,MBQ,19.19528,72.9966964,,0,2026-08-22T15:20:00+05:30,2026-08-22T15:20:00+05:30,2026-08-22T15:19:00+05:30,2026-08-22T15:21:00+05:30,1.0,at-station,STATIONARY,35.7,0.0,24,0.0,0.0,59.978919,0.0,False,0.0,0.0,9,51,591,5,-1.0,-1.0
20260822T085927Z-moving-6809face,2026-08-22T09:52:29.115465+00:00,97095,K79 / Mumbai CSMT - Kalyan Slow Local,EMU,Local,2026-08-22,KLVC,MBQ,19.1962814,73.0018844,,-1,2026-08-22T15:21:00+05:30,2026-08-22T15:21:00+05:30,2026-08-22T15:19:00+05:30,2026-08-22T15:22:00+05:30,,at-station,MOVING,36.1,0.0,25,0.0,-1.0,60.030657,0.3999999999999986,True,1.0,23.987743462477763,9,52,592,5,1.0,2.0
20260822T085927Z-moving-6809face,2026-08-22T09:53:29.204604+00:00,97095,K79 / Mumbai CSMT - Kalyan Slow Local,EMU,Local,2026-08-22,KLVC,MBQ,19.1962814,73.0018844,,1,2026-08-22T15:21:00+05:30,2026-08-22T15:21:00+05:30,2026-08-22T15:19:00+05:30,2026-08-22T15:23:00+05:30,,at-station,STATIONARY,36.1,0.0,25,-1.0,2.0,60.089139,0.0,False,0.0,0.0,9,53,593,5,0.0,-1.0
20260822T085927Z-moving-6809face,2026-08-22T09:54:29.086048+00:00,97095,K79 / Mumbai CSMT - Kalyan Slow Local,EMU,Local,2026-08-22,MBQ,DIVA,19.1901397,73.0231399,,0,2026-08-22T15:26:00+05:30,2026-08-22T15:26:00+05:30,2026-08-22T15:22:01+05:30,2026-08-22T15:26:00+05:30,1.0,at-station,MOVING,40.2,0.0,26,1.0,-1.0,59.881444,4.100000000000001,True,1.0,246.4870419624484,9,54,594,5,0.0,0.0
20260822T085927Z-moving-6809face,2026-08-22T09:55:29.116541+00:00,97095,K79 / Mumbai CSMT - Kalyan Slow Local,EMU,Local,2026-08-22,KLVC,MBQ,19.1962814,73.0018844,,0,2026-08-22T15:21:00+05:30,2026-08-22T15:21:00+05:30,2026-08-22T15:19:00+05:30,2026-08-22T15:25:00+05:30,,at-station,MOVING,36.1,0.0,25,0.0,0.0,60.030493,-4.100000000000001,True,-1.0,,9,55,595,5,3.0,3.0
20260822T085927Z-moving-6809face,2026-08-22T09:56:29.124922+00:00,97095,K79 / Mumbai CSMT - Kalyan Slow Local,EMU,Local,2026-08-22,KLVC,MBQ,19.1962814,73.0018844,,3,2026-08-22T15:21:00+05:30,2026-08-22T15:21:00+05:30,2026-08-22T15:19:00+05:30,2026-08-22T15:26:00+05:30,,at-station,STATIONARY,36.1,0.0,25,0.0,3.0,60.008381,0.0,False,0.0,0.0,9,56,596,5,3.0,0.0
20260822T085927Z-moving-6809face,2026-08-22T09:57:29.233865+00:00,97095,K79 / Mumbai CSMT - Kalyan Slow Local,EMU,Local,2026-08-22,KLVC,MBQ,19.1962814,73.0018844,,3,2026-08-22T15:21:00+05:30,2026-08-22T15:21:00+05:30,2026-08-22T15:19:00+05:30,2026-08-22T15:27:00+05:30,,at-station,STATIONARY,36.1,0.0,25,3.0,0.0,60.108943,0.0,False,0.0,0.0,9,57,597,5,0.0,-3.0
20260822T085927Z-moving-6809face,2026-08-22T09:58:29.242228+00:00,97095,K79 / Mumbai CSMT - Kalyan Slow Local,EMU,Local,2026-08-22,DIVA,KOPR,19.1886501,73.0424423,,0,2026-08-22T15:30:00+05:30,2026-08-22T15:30:00+05:30,2026-08-22T15:27:20+05:30,2026-08-22T15:30:00+05:30,1.0,at-station,MOVING,42.7,0.0,27,3.0,-3.0,60.008363,6.600000000000001,True,2.0,395.9448118923025,9,58,598,5,0.0,0.0
20260822T085927Z-moving-6809face,2026-08-22T09:03:53.452331+00:00,97231,DL25 / Mumbai CSMT - Dombivli Slow Local,EMU,Local,2026-08-22,GC,VK,19.085423,72.90798,0.5825825825825826,5,2026-08-22T14:28:00+05:30,2026-08-22T14:28:00+05:30,2026-08-22T14:29:00+05:30,2026-08-22T14:29:00+05:30,,at-station,MOVING,19.4,0.0,16,,,,,False,,,9,3,543,5,5.0,0.0
20260822T085927Z-moving-6809face,2026-08-22T09:04:53.460912+00:00,97231,DL25 / Mumbai CSMT - Dombivli Slow Local,EMU,Local,2026-08-22,GC,VK,19.085423,72.90798,0.5825825825825826,5,2026-08-22T14:28:00+05:30,2026-08-22T14:28:00+05:30,2026-08-22T14:29:00+05:30,2026-08-22T14:29:00+05:30,,at-station,STATIONARY,19.4,0.0,16,5.0,0.0,60.008581,0.0,False,0.0,0.0,9,4,544,5,5.0,0.0
20260822T085927Z-moving-6809face,2026-08-22T09:05:53.444756+00:00,97231,DL25 / Mumbai CSMT - Dombivli Slow Local,EMU,Local,2026-08-22,GC,VK,19.085423,72.90798,0.5825825825825826,5,2026-08-22T14:28:00+05:30,2026-08-22T14:28:00+05:30,2026-08-22T14:29:00+05:30,2026-08-22T14:29:00+05:30,,at-station,STATIONARY,19.4,0.0,16,5.0,0.0,59.983844,0.0,False,0.0,0.0,9,5,545,5,5.0,0.0
20260822T085927Z-moving-6809face,2026-08-22T09:06:53.507208+00:00,97231,DL25 / Mumbai CSMT - Dombivli Slow Local,EMU,Local,2026-08-22,GC,VK,19.085423,72.90798,0.5825825825825826,5,2026-08-22T14:28:00+05:30,2026-08-22T14:28:00+05:30,2026-08-22T14:29:00+05:30,2026-08-22T14:29:00+05:30,,at-station,STATIONARY,19.4,0.0,16,5.0,0.0,60.062452,0.0,False,0.0,0.0,9,6,546,5,0.0,-5.0
20260822T085927Z-moving-6809face,2026-08-22T09:07:53.468623+00:00,97231,DL25 / Mumbai CSMT - Dombivli Slow Local,EMU,Local,2026-08-22,KJRD,BND,19.1281509,72.9282531,0.7507507507507508,0,2026-08-22T14:35:00+05:30,2026-08-22T14:35:00+05:30,2026-08-22T14:36:00+05:30,2026-08-22T14:37:00+05:30,1.0,at-station,MOVING,25.0,0.0,18,5.0,-5.0,59.961415,5.600000000000001,True,2.0,336.21621504429146,9,7,547,5,2.0,2.0
20260822T085927Z-moving-6809face,2026-08-22T09:08:53.492722+00:00,97231,DL25 / Mumbai CSMT - Dombivli Slow Local,EMU,Local,2026-08-22,KJRD,BND,19.1281509,72.9282531,0.7507507507507508,2,2026-08-22T14:35:00+05:30,2026-08-22T14:35:00+05:30,2026-08-22T14:36:00+05:30,2026-08-22T14:38:00+05:30,1.0,at-station,STATIONARY,25.0,0.0,18,0.0,2.0,60.024099,0.0,False,0.0,0.0,9,8,548,5,-1.0,-3.0
20260822T085927Z-moving-6809face,2026-08-22T09:09:53.524643+00:00,97231,DL25 / Mumbai CSMT - Dombivli Slow Local,EMU,Local,2026-08-22,CRNM,MLND,19.1637897,72.9509887,0.8888888888888891,-1,2026-08-22T14:43:00+05:30,2026-08-22T14:43:00+05:30,2026-08-22T14:38:41+05:30,2026-08-22T14:43:00+05:30,,at-station,MOVING,29.6,0.0,21,2.0,-3.0,60.031921,4.600000000000001,True,3.0,275.8532414779798,9,9,549,5,-1.0,0.0
20260822T085927Z-moving-6809face,2026-08-22T09:10:53.450418+00:00,97231,DL25 / Mumbai CSMT - Dombivli Slow Local,EMU,Local,2026-08-22,CRNM,MLND,19.1637897,72.9509887,0.8888888888888891,-1,2026-08-22T14:43:00+05:30,2026-08-22T14:43:00+05:30,2026-08-22T14:38:41+05:30,2026-08-22T14:43:00+05:30,,at-station,STATIONARY,29.6,0.0,21,-1.0,0.0,59.925775,0.0,False,0.0,0.0,9,10,550,5,-1.0,0.0
20260822T085927Z-moving-6809face,2026-08-22T09:11:53.520088+00:00,97231,DL25 / Mumbai CSMT - Dombivli Slow Local,EMU,Local,2026-08-22,CRNM,MLND,19.1637897,72.9509887,0.8888888888888891,-1,2026-08-22T14:43:00+05:30,2026-08-22T14:43:00+05:30,2026-08-22T14:38:41+05:30,2026-08-22T14:43:00+05:30,,at-station,STATIONARY,29.6,0.0,21,-1.0,0.0,60.06967,0.0,False,0.0,0.0,9,11,551,5,-1.0,0.0
20260822T085927Z-moving-6809face,2026-08-22T09:12:53.520294+00:00,97231,DL25 / Mumbai CSMT - Dombivli Slow Local,EMU,Local,2026-08-22,CRNM,MLND,19.1637897,72.9509887,0.8888888888888891,-1,2026-08-22T14:43:00+05:30,2026-08-22T14:43:00+05:30,2026-08-22T14:38:41+05:30,2026-08-22T14:43:00+05:30,,at-station,STATIONARY,29.6,0.0,21,-1.0,0.0,60.000206,0.0,False,0.0,0.0,9,12,552,5,3.0,4.0
20260822T085927Z-moving-6809face,2026-08-22T09:13:53.561357+00:00,97231,DL25 / Mumbai CSMT - Dombivli Slow Local,EMU,Local,2026-08-22,BND,NHU,19.1422805,72.9377899,0.8048048048048049,3,2026-08-22T14:38:00+05:30,2026-08-22T14:38:00+05:30,2026-08-22T14:38:31+05:30,2026-08-22T14:38:31+05:30,1.0,at-station,MOVING,26.8,0.0,19,-1.0,4.0,60.041063,-2.8000000000000007,True,-2.0,,9,13,553,5,3.0,0.0
20260822T085927Z-moving-6809face,2026-08-22T09:14:53.577452+00:00,97231,DL25 / Mumbai CSMT - Dombivli Slow Local,EMU,Local,2026-08-22,BND,NHU,19.1422805,72.9377899,0.8048048048048049,3,2026-08-22T14:38:00+05:30,2026-08-22T14:38:00+05:30,2026-08-22T14:38:31+05:30,2026-08-22T14:38:31+05:30,1.0,at-station,STATIONARY,26.8,0.0,19,3.0,0.0,60.016095,0.0,False,0.0,0.0,9,14,554,5,5.0,2.0
20260822T085927Z-moving-6809face,2026-08-22T09:15:53.468363+00:00,97231,DL25 / Mumbai CSMT - Dombivli Slow Local,EMU,Local,2026-08-22,BND,NHU,19.1422805,72.9377899,0.8048048048048049,5,2026-08-22T14:38:00+05:30,2026-08-22T14:38:00+05:30,2026-08-22T14:38:31+05:30,2026-08-22T14:38:31+05:30,1.0,at-station,STATIONARY,26.8,0.0,19,3.0,2.0,59.890911,0.0,False,0.0,0.0,9,15,555,5,4.0,-1.0
20260822T085927Z-moving-6809face,2026-08-22T09:16:53.464817+00:00,97231,DL25 / Mumbai CSMT - Dombivli Slow Local,EMU,Local,2026-08-22,CRNM,MLND,19.1637897,72.9509887,0.8888888888888891,4,2026-08-22T14:43:00+05:30,2026-08-22T14:43:00+05:30,2026-08-22T14:38:41+05:30,2026-08-22T14:47:00+05:30,,at-station,MOVING,29.6,0.0,21,5.0,-1.0,59.996454,2.8000000000000007,True,2.0,168.00992938682683,9,16,556,5,4.0,0.0
20260822T085927Z-moving-6809face,2026-08-22T09:17:53.493953+00:00,97231,DL25 / Mumbai CSMT - Dombivli Slow Local,EMU,Local,2026-08-22,CRNM,MLND,19.1637897,72.9509887,0.8888888888888891,4,2026-08-22T14:43:00+05:30,2026-08-22T14:43:00+05:30,2026-08-22T14:38:41+05:30,2026-08-22T14:47:00+05:30,,at-station,STATIONARY,29.6,0.0,21,4.0,0.0,60.029136,0.0,False,0.0,0.0,9,17,557,5,3.0,-1.0
20260822T085927Z-moving-6809face,2026-08-22T09:18:53.464161+00:00,97231,DL25 / Mumbai CSMT - Dombivli Slow Local,EMU,Local,2026-08-22,MLND,TNA,19.17173,72.9566268,0.921921921921922,3,2026-08-22T14:44:00+05:30,2026-08-22T14:44:00+05:30,2026-08-22T14:46:57+05:30,2026-08-22T14:48:00+05:30,1.0,at-station,MOVING,30.7,0.0,22,4.0,-1.0,59.970208,1.0999999999999979,True,1.0,66.03278748007665,9,18,558,5,3.0,0.0
20260822T085927Z-moving-6809face,2026-08-22T09:19:53.464126+00:00,97231,DL25 / Mumbai CSMT - Dombivli Slow Local,EMU,Local,2026-08-22,MLND,TNA,19.17173,72.9566268,0.921921921921922,3,2026-08-22T14:44:00+05:30,2026-08-22T14:44:00+05:30,2026-08-22T14:46:57+05:30,2026-08-22T14:49:00+05:30,1.0,at-station,STATIONARY,30.7,0.0,22,3.0,0.0,59.999965,0.0,False,0.0,0.0,9,19,559,5,3.0,0.0
20260822T085927Z-moving-6809face,2026-08-22T09:20:53.469584+00:00,97231,DL25 / Mumbai CSMT - Dombivli Slow Local,EMU,Local,2026-08-22,MLND,TNA,19.17173,72.9566268,0.921921921921922,3,2026-08-22T14:44:00+05:30,2026-08-22T14:44:00+05:30,2026-08-22T14:46:57+05:30,2026-08-22T14:50:00+05:30,1.0,at-station,STATIONARY,30.7,0.0,22,3.0,0.0,60.005458,0.0,False,0.0,0.0,9,20,560,5,2.0,-1.0
20260822T085927Z-moving-6809face,2026-08-22T09:21:53.557021+00:00,97231,DL25 / Mumbai CSMT - Dombivli Slow Local,EMU,Local,2026-08-22,TNA,KLVA,19.1861572,72.9761886,1.0,2,2026-08-22T14:49:00+05:30,2026-08-22T14:49:00+05:30,2026-08-22T14:49:17+05:30,2026-08-22T14:51:00+05:30,2.0,at-station,MOVING,33.3,0.0,23,3.0,-1.0,60.087437,2.599999999999998,True,1.0,155.7729946111696,9,21,561,5,2.0,0.0
20260822T085927Z-moving-6809face,2026-08-22T09:22:53.588338+00:00,97231,DL25 / Mumbai CSMT - Dombivli Slow Local,EMU,Local,2026-08-22,TNA,KLVA,19.1861572,72.9761886,1.0,2,2026-08-22T14:49:00+05:30,2026-08-22T14:49:00+05:30,2026-08-22T14:49:17+05:30,2026-08-22T14:52:00+05:30,2.0,at-station,STATIONARY,33.3,0.0,23,2.0,0.0,60.031317,0.0,False,0.0,0.0,9,22,562,5,2.0,0.0
20260822T085927Z-moving-6809face,2026-08-22T09:23:53.513928+00:00,97231,DL25 / Mumbai CSMT - Dombivli Slow Local,EMU,Local,2026-08-22,TNA,KLVA,19.1861572,72.9761886,1.0,2,2026-08-22T14:49:00+05:30,2026-08-22T14:49:00+05:30,2026-08-22T14:49:17+05:30,2026-08-22T14:53:00+05:30,2.0,at-station,STATIONARY,33.3,0.0,23,2.0,0.0,59.92559,0.0,False,0.0,0.0,9,23,563,5,2.0,0.0
20260822T085927Z-moving-6809face,2026-08-22T09:24:54.339593+00:00,97231,DL25 / Mumbai CSMT - Dombivli Slow Local,EMU,Local,2026-08-22,TNA,KLVA,19.1861572,72.9761886,1.0,2,2026-08-22T14:49:00+05:30,2026-08-22T14:49:00+05:30,2026-08-22T14:49:17+05:30,2026-08-22T14:54:00+05:30,2.0,at-station,STATIONARY,33.3,0.0,23,2.0,0.0,60.825665,0.0,False,0.0,0.0,9,24,564,5,2.0,0.0
20260822T085927Z-moving-6809face,2026-08-22T09:25:53.510989+00:00,97231,DL25 / Mumbai CSMT - Dombivli Slow Local,EMU,Local,2026-08-22,TNA,KLVA,19.1861572,72.9761886,1.0,2,2026-08-22T14:49:00+05:30,2026-08-22T14:49:00+05:30,2026-08-22T14:49:17+05:30,2026-08-22T14:55:00+05:30,2.0,at-station,STATIONARY,33.3,0.0,23,2.0,0.0,59.171396,0.0,False,0.0,0.0,9,25,565,5,1.0,-1.0
20260822T085927Z-moving-6809face,2026-08-22T09:28:53.528431+00:00,97231,DL25 / Mumbai CSMT - Dombivli Slow Local,EMU,Local,2026-08-22,KLVC,MBQ,19.1950149,73.0062713,0.1951219512195121,1,2026-08-22T14:55:00+05:30,2026-08-22T14:55:00+05:30,2026-08-22T14:54:00+05:30,2026-08-22T14:56:00+05:30,,departed,MOVING,36.1,0.8,25,2.0,-1.0,180.017442,2.8000000000000043,True,2.0,55.9945741257673,9,28,568,5,1.0,0.0
20260822T085927Z-moving-6809face,2026-08-22T09:29:53.479152+00:00,97231,DL25 / Mumbai CSMT - Dombivli Slow Local,EMU,Local,2026-08-22,KLVC,MBQ,19.1950149,73.0062713,0.1951219512195121,1,2026-08-22T14:55:00+05:30,2026-08-22T14:55:00+05:30,2026-08-22T14:54:00+05:30,2026-08-22T14:56:00+05:30,,departed,STATIONARY,36.1,0.8,25,1.0,0.0,59.950721,0.0,False,0.0,0.0,9,29,569,5,1.0,0.0
20260822T085927Z-moving-6809face,2026-08-22T09:30:53.493560+00:00,97231,DL25 / Mumbai CSMT - Dombivli Slow Local,EMU,Local,2026-08-22,MBQ,DIVA,19.1901397,73.0231399,,1,2026-08-22T15:00:00+05:30,2026-08-22T15:00:00+05:30,2026-08-22T15:02:00+05:30,2026-08-22T15:01:00+05:30,1.0,at-station,MOVING,40.2,0.0,26,1.0,0.0,60.014408,4.100000000000001,True,1.0,245.94094138194288,9,30,570,5,0.0,-1.0
20260822T085927Z-moving-6809face,2026-08-22T09:31:53.527503+00:00,97231,DL25 / Mumbai CSMT - Dombivli Slow Local,EMU,Local,2026-08-22,MBQ,DIVA,19.1901397,73.0231399,,0,2026-08-22T15:00:00+05:30,2026-08-22T15:00:00+05:30,2026-08-22T15:02:00+05:30,2026-08-22T15:01:00+05:30,1.0,at-station,STATIONARY,40.2,0.0,26,1.0,-1.0,60.033943,0.0,False,0.0,0.0,9,31,571,5,0.0,0.0
20260822T085927Z-moving-6809face,2026-08-22T09:32:53.470039+00:00,97231,DL25 / Mumbai CSMT - Dombivli Slow Local,EMU,Local,2026-08-22,MBQ,DIVA,19.1901397,73.0231399,,0,2026-08-22T15:00:00+05:30,2026-08-22T15:00:00+05:30,2026-08-22T15:02:00+05:30,2026-08-22T15:02:00+05:30,1.0,at-station,STATIONARY,40.2,0.0,26,0.0,0.0,59.942536,0.0,False,0.0,0.0,9,32,572,5,0.0,0.0
