train_number,collection_timestamp,current_station_code,next_station_code,current_delay,predicted_delay_change,probability_delay_worsening,risk_score,movement_state,distance_from_origin_km,route_sequence
12809,2026-08-21T16:12:20.871847+00:00,JDDA,SKT,130,0.1255,0.5449,0.7008,MOVING,1328.16,215.0
12809,2026-08-21T16:13:52.328842+00:00,JDDA,SKT,130,0.107,0.5819,0.7144,MOVING,1329.31,215.0
12809,2026-08-21T16:16:00.433479+00:00,SKT,KHS,129,0.1641,0.7188,0.7727,MOVING,1330.4,216.0
12809,2026-08-21T16:18:08.662874+00:00,SKT,KHS,131,0.1126,0.7201,0.7701,STATIONARY,1330.4,216.0
12809,2026-08-21T16:20:16.721645+00:00,SKT,KHS,133,0.0563,0.7016,0.7591,MOVING,1330.4,216.0
12809,2026-08-21T16:22:24.771296+00:00,SKT,KHS,133,0.0754,0.5528,0.7008,MOVING,1332.11,216.0
12809,2026-08-21T16:25:15.656229+00:00,SKT,KHS,133,0.1264,0.6542,0.7446,MOVING,1336.86,216.0
95011,2026-08-21T16:13:15.706490+00:00,DWJN,DI,7,0.4393,0.6361,0.4882,UNKNOWN,42.2,26.0
95011,2026-08-21T16:14:10.519331+00:00,DWJN,DI,8,0.0716,0.5693,0.4505,STATIONARY,42.2,26.0
95011,2026-08-21T16:16:18.711346+00:00,DI,KYN,5,0.5956,0.5372,0.4344,MOVING,46.3,28.0
95011,2026-08-21T16:18:26.827736+00:00,THK,KYN,5,0.0903,0.4415,0.3656,MOVING,47.7,29.0
95011,2026-08-21T16:20:34.919996+00:00,THK,KYN,5,0.0454,0.446,0.3646,STATIONARY,47.7,29.0
95135,2026-08-21T16:11:56.404852+00:00,PR,DR,3,0.5228,0.64,0.4479,UNKNOWN,8.0,9.0
95135,2026-08-21T16:15:36.012976+00:00,PR,DR,5,0.1022,0.5497,0.4096,STATIONARY,8.0,9.0
95135,2026-08-21T16:17:44.031335+00:00,PR,DR,3,0.4928,0.605,0.4322,STATIONARY,8.0,9.0
95135,2026-08-21T16:19:52.208459+00:00,DR,CLA,9,-0.587,0.5394,0.4101,MOVING,9.0,10.0
95135,2026-08-21T16:22:00.471348+00:00,DR,CLA,11,0.092,0.5527,0.4802,MOVING,9.0,10.0
95135,2026-08-21T16:24:26.734543+00:00,MTN,CLA,13,0.0791,0.5328,0.4947,MOVING,10.4,11.0
95135,2026-08-21T16:28:06.333513+00:00,SION,CLA,13,0.0982,0.5438,0.5003,MOVING,12.9,12.0
95135,2026-08-21T16:31:27.641352+00:00,CLA,GC,14,0.0791,0.4799,0.4852,MOVING,15.6,13.0
95333,2026-08-21T16:13:03.631743+00:00,CRNM,MLND,18,0.5495,0.5694,0.5963,UNKNOWN,30.6,21.0
95333,2026-08-21T16:14:29.038523+00:00,MLND,TNA,18,0.06,0.46,0.5228,MOVING,30.7,22.0
95333,2026-08-21T16:16:37.104254+00:00,TNA,DIVA,16,0.3419,0.5336,0.5463,MOVING,33.3,23.0
95333,2026-08-21T16:18:45.267270+00:00,TNA,DIVA,15,0.2504,0.587,0.5504,STATIONARY,33.3,23.0
95333,2026-08-21T16:20:53.225673+00:00,KLVC,DIVA,18,0.1169,0.491,0.5387,MOVING,,
95333,2026-08-21T16:23:01.514843+00:00,MBQ,DIVA,18,0.1763,0.5151,0.552,MOVING,,
95333,2026-08-21T16:26:16.538166+00:00,MBQ,DIVA,18,0.1763,0.519,0.5536,STATIONARY,,
95421,2026-08-21T16:13:09.602538+00:00,DWJN,DI,4,0.4479,0.6071,0.442,UNKNOWN,42.4,26.0
95421,2026-08-21T16:14:04.490466+00:00,DWJN,DI,3,0.1686,0.5856,0.4048,STATIONARY,42.4,26.0
95421,2026-08-21T16:16:12.626735+00:00,DDCL,DI,6,0.0712,0.5085,0.4028,MOVING,45.3,27.0
95421,2026-08-21T16:18:20.718178+00:00,DI,KYN,6,0.0663,0.4999,0.3991,MOVING,46.3,28.0
95421,2026-08-21T16:20:28.821142+00:00,DI,KYN,6,0.0454,0.5131,0.4031,STATIONARY,46.3,28.0
95421,2026-08-21T16:22:36.838799+00:00,THK,KYN,3,0.8117,0.4489,0.3877,MOVING,47.8,29.0
95421,2026-08-21T16:25:27.737390+00:00,KYNX,KYN,4,0.0704,0.5108,0.3804,MOVING,50.6,30.0
95421,2026-08-21T16:29:07.374234+00:00,KYN,SHAD,2,0.4488,0.567,0.4027,MOVING,51.4,31.0
96223,2026-08-21T16:11:50.291829+00:00,BY,CHG,2,0.6475,0.687,0.4622,UNKNOWN,4.2,5.0
96223,2026-08-21T16:20:04.509217+00:00,PR,DR,6,0.0814,0.5091,0.4037,MOVING,8.0,9.0
96223,2026-08-21T16:22:12.520120+00:00,PR,DR,6,0.065,0.5315,0.4117,STATIONARY,8.0,9.0
96223,2026-08-21T16:32:04.393708+00:00,SION,CLA,5,-0.0205,0.4502,0.3621,MOVING,12.9,12.0
96333,2026-08-21T16:13:21.826164+00:00,VK,KJRD,26,0.4602,0.5279,0.6678,UNKNOWN,23.1,17.0
96333,2026-08-21T16:14:47.237653+00:00,VK,KJRD,26,0.0721,0.458,0.616,STATIONARY,23.1,17.0
96333,2026-08-21T16:16:55.331338+00:00,VK,KJRD,26,0.0769,0.4602,0.6172,STATIONARY,23.1,17.0
96333,2026-08-21T16:19:03.587317+00:00,BND,NHU,26,0.0915,0.497,0.6329,MOVING,26.8,19.0
96333,2026-08-21T16:21:11.650655+00:00,BND,NHU,26,0.0561,0.4893,0.6276,STATIONARY,26.8,19.0
96333,2026-08-21T16:23:19.689408+00:00,NHU,MLND,26,0.0561,0.4591,0.6155,MOVING,28.5,20.0
96411,2026-08-21T16:11:44.209025+00:00,MZNC,BY,2,0.6475,0.7184,0.4748,UNKNOWN,3.6,4.0
96411,2026-08-21T16:20:10.516439+00:00,CRD,PR,4,0.09,0.5669,0.404,MOVING,6.2,7.0
96411,2026-08-21T16:22:18.707531+00:00,CRD,PR,4,0.1091,0.6013,0.419,STATIONARY,6.2,7.0
96411,2026-08-21T16:28:24.641659+00:00,MTN,SION,5,0.0685,0.5337,0.4011,MOVING,10.4,11.0
96411,2026-08-21T16:32:10.349986+00:00,MTN,SION,5,0.0876,0.5389,0.4044,STATIONARY,10.4,11.0
96519,2026-08-21T16:26:22.644573+00:00,KJRD,BND,17,0.0698,0.502,0.5285,MOVING,25.0,18.0
96643,2026-08-21T16:13:34.002084+00:00,BND,NHU,33,0.3814,0.5729,0.7277,UNKNOWN,26.8,19.0
96643,2026-08-21T16:14:41.147281+00:00,VVH,GC,40,-6.2903,0.4718,0.5392,MOVING,18.1,15.0
96643,2026-08-21T16:21:05.436423+00:00,TNA,KLVA,21,2.284,0.5479,0.691,MOVING,33.3,23.0
96643,2026-08-21T16:23:13.541172+00:00,TNA,KLVA,21,-0.1376,0.5344,0.5752,STATIONARY,33.3,23.0
96645,2026-08-21T16:12:02.495905+00:00,PRLW,PR,4,0.6685,0.6068,0.4547,UNKNOWN,7.4,8.0
96645,2026-08-21T16:15:42.106864+00:00,PR,DR,9,0.1572,0.5222,0.4487,MOVING,8.0,9.0
96645,2026-08-21T16:17:50.329801+00:00,PR,DR,9,0.261,0.5529,0.4674,STATIONARY,8.0,9.0
96645,2026-08-21T16:19:58.329378+00:00,DR,MTN,10,0.1679,0.4878,0.4473,MOVING,9.0,10.0
96645,2026-08-21T16:22:06.549824+00:00,MTN,SION,9,0.2805,0.5365,0.462,MOVING,10.4,11.0
96645,2026-08-21T16:28:12.490881+00:00,CLA,VVH,8,0.239,0.5413,0.4497,MOVING,15.6,13.0
97167,2026-08-21T16:13:40.174356+00:00,KLVA,MBQ,12,0.4393,0.6618,0.5567,UNKNOWN,35.7,24.0
97167,2026-08-21T16:14:16.623204+00:00,KLVA,MBQ,13,0.0716,0.588,0.5163,STATIONARY,35.7,24.0
97167,2026-08-21T16:18:33.012597+00:00,MBQ,DIVA,12,0.2195,0.6195,0.5265,MOVING,40.2,26.0
97167,2026-08-21T16:20:41.082999+00:00,MBQ,DIVA,13,0.1217,0.5723,0.5132,STATIONARY,40.2,26.0
97167,2026-08-21T16:26:04.430658+00:00,DIVA,KOPR,15,0.0724,0.5669,0.5313,MOVING,42.7,27.0
97171,2026-08-21T16:12:39.094241+00:00,CLAS,VVH,7,0.4897,0.6097,0.4805,UNKNOWN,17.3,14.0
97171,2026-08-21T16:15:17.699666+00:00,GC,VK,10,0.1103,0.5174,0.4555,MOVING,19.4,16.0
97171,2026-08-21T16:17:25.806522+00:00,GC,VK,13,0.0894,0.5058,0.4846,STATIONARY,19.4,16.0
97171,2026-08-21T16:19:33.923354+00:00,GC,VK,13,0.0972,0.4342,0.4564,MOVING,19.4,16.0
97171,2026-08-21T16:21:42.114663+00:00,GC,VK,13,0.1018,0.4448,0.461,MOVING,19.4,16.0
97171,2026-08-21T16:24:08.429695+00:00,KJRD,BND,11,0.2946,0.5524,0.4926,MOVING,25.0,18.0
97171,2026-08-21T16:27:29.795178+00:00,KJRD,BND,15,0.0953,0.5007,0.5062,STATIONARY,25.0,18.0
97171,2026-08-21T16:31:09.342374+00:00,BND,NHU,13,0.4165,0.5301,0.5144,MOVING,26.8,19.0
97259,2026-08-21T16:16:06.517483+00:00,MBQ,DIVA,12,0.1754,0.5958,0.5142,MOVING,40.2,26.0
97259,2026-08-21T16:29:01.363086+00:00,DDCL,DI,17,-0.8694,0.551,0.4926,MOVING,47.5,30.0
97261,2026-08-21T16:12:57.401869+00:00,GC,VK,16,0.4543,0.5999,0.5795,UNKNOWN,19.4,16.0
97261,2026-08-21T16:27:23.684625+00:00,CRNM,MLND,18,-1.1495,0.5241,0.4798,MOVING,29.6,21.0
97261,2026-08-21T16:31:03.340306+00:00,MLND,TNA,19,0.0603,0.3967,0.5091,MOVING,31.85,22.0
97263,2026-08-21T16:12:14.817078+00:00,CLA,VVH,0,0.863,0.616,0.4222,UNKNOWN,15.6,13.0
97263,2026-08-21T16:15:23.800731+00:00,CLA,VVH,0,0.6043,0.5583,0.385,STATIONARY,15.6,13.0
97419,2026-08-21T16:13:27.938534+00:00,VK,KJRD,31,0.4602,0.5279,0.7144,UNKNOWN,23.1,17.0
97419,2026-08-21T16:14:53.371140+00:00,VK,KJRD,31,0.0721,0.458,0.6627,STATIONARY,23.1,17.0
97419,2026-08-21T16:17:01.467478+00:00,VK,KJRD,31,0.0769,0.4602,0.6639,STATIONARY,23.1,17.0
97421,2026-08-21T16:16:31.071465+00:00,BND,NHU,10,0.0907,0.5241,0.457,MOVING,26.8,19.0
97423,2026-08-21T16:17:07.506882+00:00,GC,VK,8,-0.6381,0.533,0.393,MOVING,19.4,16.0
97423,2026-08-21T16:19:15.617514+00:00,GC,VK,8,-0.6737,0.5181,0.385,STATIONARY,19.4,16.0
97423,2026-08-21T16:21:23.812088+00:00,MLND,TNA,0,2.0724,0.5111,0.4265,MOVING,30.7,22.0
97423,2026-08-21T16:23:31.832924+00:00,MLND,TNA,0,-0.404,0.5096,0.3039,STATIONARY,30.7,22.0
12809,2026-08-21T16:29:16.947275+00:00,JDI,KHS,132,0.4377,0.6849,0.7759,UNKNOWN,1337.9,217.0
12809,2026-08-21T16:32:19.871623+00:00,JDI,KHS,132,0.1264,0.6321,0.7357,MOVING,1342.73,217.0
12809,2026-08-21T16:33:14.764603+00:00,JDI,KHS,132,0.1407,0.6787,0.7553,STATIONARY,1342.73,217.0
12809,2026-08-21T16:34:08.002921+00:00,JDI,KHS,136,0.07,0.5599,0.7034,MOVING,1342.11,217.0
12809,2026-08-21T16:35:08.150532+00:00,JDI,KHS,135,0.0929,0.5995,0.7206,MOVING,1344.12,217.0
12809,2026-08-21T16:36:01.744459+00:00,JDI,KHS,132,0.9019,0.7125,0.8128,STATIONARY,1344.12,217.0
12809,2026-08-21T16:36:49.631789+00:00,JDI,KHS,135,0.07,0.6312,0.7319,STATIONARY,1344.12,217.0
12809,2026-08-21T16:37:49.626709+00:00,KHS,RIG,134,0.1114,0.7028,0.7631,MOVING,1345.9,218.0
12809,2026-08-21T16:38:49.628866+00:00,KHS,RIG,134,0.0891,0.7561,0.783,MOVING,1345.9,218.0
12809,2026-08-21T16:39:49.672113+00:00,KHS,RIG,135,0.0601,0.7664,0.7853,MOVING,1345.9,218.0
12809,2026-08-21T16:40:49.740567+00:00,KHS,RIG,136,0.0601,0.7563,0.7813,MOVING,1345.9,218.0
12809,2026-08-21T16:41:49.634743+00:00,KHS,RIG,137,0.07,0.7508,0.7797,STATIONARY,1345.9,218.0
12809,2026-08-21T16:42:49.664519+00:00,KHS,RIG,138,0.0695,0.7518,0.78,MOVING,1345.9,218.0
12809,2026-08-21T16:43:49.632022+00:00,KHS,RIG,137,0.1114,0.606,0.7243,MOVING,1347.92,218.0
12809,2026-08-21T16:44:49.738507+00:00,KHS,RIG,137,0.0705,0.609,0.723,MOVING,1347.96,218.0
12809,2026-08-21T16:45:49.750610+00:00,KHS,RIG,137,0.0891,0.6277,0.7316,MOVING,1349.03,218.0
12809,2026-08-21T16:46:49.728616+00:00,KHS,RIG,137,0.1247,0.6321,0.7356,MOVING,1351.01,218.0
12809,2026-08-21T16:47:49.659775+00:00,KHS,RIG,137,0.1247,0.6689,0.7503,MOVING,1351.54,218.0
12809,2026-08-21T16:48:49.656323+00:00,ROB,RIG,137,0.0891,0.6012,0.7211,MOVING,1352.71,219.0
12809,2026-08-21T16:49:49.741295+00:00,ROB,RIG,137,0.0705,0.6145,0.7252,MOVING,1352.31,219.0
95135,2026-08-21T16:28:28.030715+00:00,SION,CLA,14,0.446,0.5805,0.548,UNKNOWN,12.9,12.0
95135,2026-08-21T16:32:01.543071+00:00,CLA,GC,14,0.0982,0.4888,0.49,MOVING,15.6,13.0
95135,2026-08-21T16:33:31.291972+00:00,CLA,GC,14,0.0579,0.4873,0.4869,STATIONARY,15.6,13.0
95135,2026-08-21T16:34:31.296892+00:00,CLAS,GC,14,0.0765,0.4993,0.4928,MOVING,17.2,14.0
95135,2026-08-21T16:35:31.321475+00:00,GC,MLND,13,0.0989,0.5231,0.4921,MOVING,19.4,16.0
95135,2026-08-21T16:36:31.301898+00:00,GC,MLND,14,0.0574,0.4973,0.4908,STATIONARY,19.4,16.0
95135,2026-08-21T16:37:31.296882+00:00,GC,MLND,14,0.0765,0.5101,0.4971,STATIONARY,19.4,16.0
95135,2026-08-21T16:38:31.300484+00:00,GC,MLND,14,0.0765,0.5101,0.4971,STATIONARY,19.4,16.0
95135,2026-08-21T16:39:31.308362+00:00,GC,MLND,14,0.0698,0.4227,0.4618,MOVING,19.4,16.0
95135,2026-08-21T16:40:31.300670+00:00,GC,MLND,14,0.0698,0.4185,0.4601,STATIONARY,19.4,16.0
95135,2026-08-21T16:41:31.429475+00:00,BND,MLND,14,0.0512,0.4362,0.466,MOVING,26.8,19.0
95135,2026-08-21T16:42:31.427621+00:00,BND,MLND,12,0.4109,0.526,0.5007,STATIONARY,26.8,19.0
95135,2026-08-21T16:43:31.312554+00:00,CRNM,MLND,11,0.0921,0.452,0.4399,MOVING,29.6,21.0
95135,2026-08-21T16:44:31.292584+00:00,CRNM,MLND,12,0.0507,0.4491,0.4478,STATIONARY,29.6,21.0
95135,2026-08-21T16:45:31.431250+00:00,CRNM,MLND,12,0.0512,0.4534,0.4496,STATIONARY,29.6,21.0
95135,2026-08-21T16:46:31.336928+00:00,MLND,TNA,12,0.0577,0.4344,0.4423,MOVING,30.7,22.0
95135,2026-08-21T16:47:31.301774+00:00,TNA,DI,10,0.25,0.4879,0.4524,MOVING,33.3,23.0
95135,2026-08-21T16:48:31.305359+00:00,TNA,DI,10,0.0698,0.485,0.44,STATIONARY,33.3,23.0
95135,2026-08-21T16:49:31.307894+00:00,TNA,DI,12,0.0507,0.4755,0.4584,MOVING,33.3,23.0
95333,2026-08-21T16:30:17.908184+00:00,DIVA,DI,16,0.4185,0.6306,0.5897,UNKNOWN,42.7,25.0
95333,2026-08-21T16:32:13.811881+00:00,DDCL,DI,17,0.0321,0.5317,0.538,MOVING,46.9,27.0
95333,2026-08-21T16:33:08.631399+00:00,DDCL,DI,18,0.0507,0.5439,0.5557,STATIONARY,46.9,27.0
95333,2026-08-21T16:34:01.716623+00:00,DDCL,DI,18,0.0859,0.5652,0.5664,STATIONARY,46.9,27.0
95333,2026-08-21T16:35:01.839173+00:00,THK,KYN,16,0.2314,0.5246,0.5359,MOVING,49.4,29.0
95333,2026-08-21T16:35:43.416994+00:00,THK,KYN,16,0.0859,0.5732,0.5463,STATIONARY,49.4,29.0
95333,2026-08-21T16:36:43.495345+00:00,THK,KYN,17,0.0321,0.4075,0.4883,MOVING,49.4,29.0
95333,2026-08-21T16:37:43.519481+00:00,THK,KYN,17,0.0698,0.4183,0.495,STATIONARY,49.4,29.0
95333,2026-08-21T16:38:43.505810+00:00,THK,KYN,17,0.0698,0.4173,0.4946,MOVING,49.4,29.0
95333,2026-08-21T16:39:43.495621+00:00,THK,KYN,17,0.0698,0.4183,0.495,STATIONARY,49.4,29.0
95333,2026-08-21T16:40:43.496198+00:00,THK,KYN,17,0.0698,0.4103,0.4918,STATIONARY,49.4,29.0
95333,2026-08-21T16:41:43.518229+00:00,THK,KYN,17,0.0698,0.4234,0.4971,MOVING,49.4,29.0
95333,2026-08-21T16:42:43.515778+00:00,KYNX,KYN,19,0.0507,0.4838,0.5433,MOVING,52.3,30.0
95333,2026-08-21T16:43:43.669720+00:00,KYNX,KYN,20,0.0321,0.4874,0.5553,STATIONARY,52.3,30.0
95333,2026-08-21T16:44:43.573652+00:00,KYNX,KYN,20,0.0698,0.4817,0.5554,STATIONARY,52.3,30.0
95333,2026-08-21T16:45:43.507973+00:00,KYN,VLDI,19,0.0921,0.499,0.552,MOVING,53.6,31.0
95333,2026-08-21T16:46:43.510784+00:00,KYN,VLDI,21,0.0507,0.4807,0.5655,STATIONARY,53.6,31.0
95333,2026-08-21T16:47:43.703352+00:00,KYN,VLDI,21,0.0512,0.4826,0.5662,STATIONARY,53.6,31.0
95333,2026-08-21T16:48:43.497432+00:00,KYN,VLDI,21,0.0698,0.4943,0.5721,STATIONARY,53.6,31.0
97179,2026-08-21T16:44:25.210579+00:00,PR,DR,7,0.0894,0.4774,0.4032,MOVING,8.0,9.0
97179,2026-08-21T16:45:25.313262+00:00,PR,DR,7,0.0602,0.4738,0.4,STATIONARY,8.0,9.0
97179,2026-08-21T16:46:25.203649+00:00,PR,DR,7,0.0894,0.4781,0.4035,STATIONARY,8.0,9.0
97179,2026-08-21T16:47:25.204732+00:00,DR,MTN,7,0.0894,0.4425,0.3893,MOVING,9.0,10.0
97179,2026-08-21T16:48:25.213161+00:00,DR,MTN,7,0.0894,0.4494,0.392,STATIONARY,9.0,10.0
97179,2026-08-21T16:49:25.199014+00:00,DR,MTN,9,0.0574,0.4399,0.4095,MOVING,9.0,10.0
97263,2026-08-21T16:37:37.447817+00:00,BND,NHU,9,0.2043,0.429,0.4143,MOVING,27.93,19.0
97263,2026-08-21T16:38:37.485298+00:00,BND,NHU,9,0.1944,0.4371,0.417,STATIONARY,27.93,19.0
97263,2026-08-21T16:39:37.409853+00:00,MLND,TNA,6,1.0122,0.4629,0.4385,MOVING,30.7,22.0
97263,2026-08-21T16:40:37.482688+00:00,BND,NHU,3,1.0528,0.5477,0.4394,MOVING,26.8,19.0
97263,2026-08-21T16:41:37.404817+00:00,BND,NHU,14,-3.578,0.4714,0.3587,STATIONARY,26.8,19.0
97263,2026-08-21T16:42:37.434559+00:00,BND,NHU,14,0.1413,0.4783,0.4885,STATIONARY,26.8,19.0
97263,2026-08-21T16:43:37.515638+00:00,BND,NHU,15,0.1128,0.4582,0.4903,STATIONARY,26.8,19.0
97263,2026-08-21T16:44:37.408665+00:00,BND,NHU,15,0.1418,0.4481,0.4881,STATIONARY,26.8,19.0
97263,2026-08-21T16:45:37.532744+00:00,BND,NHU,15,0.1319,0.4437,0.4857,STATIONARY,26.8,19.0
97263,2026-08-21T16:46:37.500900+00:00,CRNM,MLND,13,0.322,0.4352,0.4707,MOVING,29.6,21.0
97263,2026-08-21T16:47:37.411199+00:00,CRNM,MLND,16,0.1227,0.4271,0.4902,STATIONARY,29.6,21.0
97263,2026-08-21T16:48:37.429818+00:00,CRNM,MLND,16,0.1418,0.4397,0.4964,STATIONARY,29.6,21.0
97263,2026-08-21T16:49:37.446013+00:00,CRNM,MLND,19,0.1227,0.427,0.5251,STATIONARY,29.6,21.0
96207,2026-08-22T09:01:35.148688+00:00,CRD,PR,4,0.0422,0.4354,0.3485,MOVING,6.2,7.0
96207,2026-08-22T09:02:35.149773+00:00,PRLW,PR,3,0.0646,0.4056,0.3263,MOVING,7.4,8.0
96207,2026-08-22T09:03:35.182580+00:00,PRLW,PR,3,0.031,0.3999,0.3219,STATIONARY,7.4,8.0
96207,2026-08-22T09:04:35.349135+00:00,PRLW,PR,3,0.013,0.4014,0.3214,STATIONARY,7.4,8.0
96207,2026-08-22T09:05:35.150232+00:00,PRLW,PR,3,0.0422,0.4222,0.3315,STATIONARY,7.4,8.0
96207,2026-08-22T09:06:35.145919+00:00,DR,MTN,3,0.0293,0.3771,0.3127,MOVING,9.0,10.0
96207,2026-08-22T09:07:35.153462+00:00,MTN,SION,1,0.2631,0.5074,0.356,MOVING,10.4,11.0
96207,2026-08-22T09:08:35.143951+00:00,MTN,SION,2,0.0317,0.4327,0.3234,MOVING,10.4,11.0
96207,2026-08-22T09:09:35.288425+00:00,MTN,SION,2,0.0215,0.4419,0.3264,MOVING,10.4,11.0
96207,2026-08-22T09:10:35.232832+00:00,MTN,SION,2,0.0725,0.4627,0.3379,MOVING,10.4,11.0
96207,2026-08-22T09:11:35.168950+00:00,MTN,SION,3,0.0534,0.4386,0.3388,STATIONARY,10.4,11.0
96207,2026-08-22T09:12:35.198357+00:00,SION,CLA,2,0.1003,0.4512,0.3351,MOVING,12.9,12.0
96207,2026-08-22T09:13:35.201908+00:00,SION,CLA,2,0.0891,0.4641,0.3396,STATIONARY,12.9,12.0
96207,2026-08-22T09:14:35.209624+00:00,SION,CLA,2,0.0891,0.4641,0.3396,STATIONARY,12.9,12.0
96207,2026-08-22T09:15:35.212040+00:00,CLA,VVH,0,0.3659,0.5168,0.3543,MOVING,15.6,13.0
96207,2026-08-22T09:16:35.209663+00:00,CLA,VVH,1,0.0804,0.4601,0.3257,STATIONARY,15.6,13.0
96207,2026-08-22T09:17:35.184976+00:00,CLA,VVH,1,0.0995,0.4845,0.3367,STATIONARY,15.6,13.0
96207,2026-08-22T09:18:35.227183+00:00,CLA,VVH,1,0.079,0.4821,0.3344,STATIONARY,15.6,13.0
96207,2026-08-22T09:19:35.150342+00:00,VVH,GC,2,0.066,0.4309,0.3248,MOVING,18.1,15.0
96207,2026-08-22T09:20:35.234030+00:00,VVH,GC,2,0.0559,0.4574,0.3348,STATIONARY,18.1,15.0
96207,2026-08-22T09:21:35.332844+00:00,GC,VK,1,0.0905,0.4665,0.3289,MOVING,19.4,16.0
96207,2026-08-22T09:22:35.214401+00:00,GC,VK,1,0.0974,0.4878,0.3379,STATIONARY,19.4,16.0
96207,2026-08-22T09:23:35.207873+00:00,GC,VK,1,0.0974,0.4803,0.3349,STATIONARY,19.4,16.0
96207,2026-08-22T09:24:35.585940+00:00,GC,VK,2,0.0242,0.364,0.2955,MOVING,19.4,16.0
96207,2026-08-22T09:25:35.292593+00:00,VK,KJRD,2,0.0784,0.4206,0.3215,MOVING,23.1,17.0
96207,2026-08-22T09:26:35.387715+00:00,VK,KJRD,2,0.0492,0.4546,0.3333,STATIONARY,23.1,17.0
96207,2026-08-22T09:27:35.428881+00:00,VK,KJRD,2,0.0578,0.4633,0.3373,STATIONARY,23.1,17.0
96207,2026-08-22T09:28:35.202334+00:00,KJRD,BND,1,0.1256,0.4597,0.3284,MOVING,25.0,18.0
96207,2026-08-22T09:29:35.299813+00:00,KJRD,BND,1,0.074,0.4574,0.3242,STATIONARY,25.0,18.0
96207,2026-08-22T09:30:35.212105+00:00,BND,NHU,1,0.1032,0.4544,0.3249,MOVING,26.8,19.0
96207,2026-08-22T09:31:35.317354+00:00,BND,NHU,1,0.074,0.4633,0.3266,STATIONARY,26.8,19.0
96207,2026-08-22T09:32:35.214000+00:00,BND,NHU,1,0.1032,0.474,0.3327,STATIONARY,26.8,19.0
96207,2026-08-22T09:33:35.200464+00:00,BND,NHU,1,0.1032,0.4702,0.3312,STATIONARY,26.8,19.0
96207,2026-08-22T09:34:35.231875+00:00,NHU,MLND,1,0.092,0.423,0.3116,MOVING,28.5,20.0
96207,2026-08-22T09:35:35.243152+00:00,CRNM,MLND,1,0.1032,0.4669,0.3299,MOVING,29.6,21.0
96207,2026-08-22T09:36:35.198592+00:00,MLND,TNA,2,0.0472,0.4196,0.3191,MOVING,30.7,22.0
96207,2026-08-22T09:37:35.200098+00:00,MLND,TNA,1,0.1444,0.4657,0.3319,STATIONARY,30.7,22.0
96207,2026-08-22T09:38:35.403854+00:00,MLND,TNA,1,0.0619,0.4497,0.3204,STATIONARY,30.7,22.0
96207,2026-08-22T09:39:35.261691+00:00,MLND,TNA,1,0.0911,0.3861,0.2968,MOVING,30.7,22.0
96207,2026-08-22T09:40:35.202895+00:00,MLND,TNA,1,0.0911,0.3802,0.2944,STATIONARY,30.7,22.0
96207,2026-08-22T09:41:35.216885+00:00,TNA,KLVA,1,0.1032,0.4618,0.3278,MOVING,33.3,23.0
96207,2026-08-22T09:42:35.199852+00:00,TNA,KLVA,1,0.1032,0.4735,0.3325,STATIONARY,33.3,23.0
96207,2026-08-22T09:43:35.245061+00:00,TNA,KLVA,1,0.0826,0.4648,0.3277,STATIONARY,33.3,23.0
96207,2026-08-22T09:44:35.194340+00:00,TNA,KLVA,1,0.1032,0.4543,0.3248,STATIONARY,33.3,23.0
96207,2026-08-22T09:45:35.181039+00:00,KLVC,MBQ,1,0.1032,0.4528,0.3242,MOVING,36.1,25.0
96207,2026-08-22T09:46:35.180994+00:00,KLVC,MBQ,1,0.1032,0.4887,0.3386,STATIONARY,36.1,25.0
96207,2026-08-22T09:47:35.233339+00:00,KLVC,MBQ,1,0.0826,0.4785,0.3332,STATIONARY,36.1,25.0
96207,2026-08-22T09:48:35.301877+00:00,KLVC,MBQ,1,0.0826,0.4785,0.3332,STATIONARY,36.1,25.0
96207,2026-08-22T09:49:35.172090+00:00,MBQ,DIVA,0,0.2965,0.4698,0.3313,MOVING,40.2,26.0
96207,2026-08-22T09:50:35.221325+00:00,MBQ,DIVA,0,0.2536,0.4944,0.3385,STATIONARY,40.2,26.0
96207,2026-08-22T09:51:35.183307+00:00,DIVA,KOPR,0,0.1894,0.4719,0.3255,MOVING,42.7,27.0
96207,2026-08-22T09:52:35.214793+00:00,DIVA,KOPR,0,0.1782,0.4852,0.3302,STATIONARY,42.7,27.0
96207,2026-08-22T09:53:35.251944+00:00,DIVA,KOPR,0,0.1689,0.4852,0.3296,STATIONARY,42.7,27.0
96207,2026-08-22T09:54:35.180926+00:00,DWJN,KOPR,-1,0.6569,0.4764,0.3552,MOVING,44.5,28.0
96207,2026-08-22T09:55:35.188885+00:00,DWJN,KOPR,-1,0.5992,0.4878,0.3565,STATIONARY,44.5,28.0
96207,2026-08-22T09:56:35.272023+00:00,DIVA,KOPR,0,-0.0672,0.4502,0.3009,MOVING,42.7,27.0
96207,2026-08-22T09:57:35.202091+00:00,DIVA,KOPR,2,0.0593,0.4509,0.3324,STATIONARY,42.7,27.0
96207,2026-08-22T09:58:35.284236+00:00,KOPR,DI,0,0.3404,0.4524,0.327,MOVING,47.2,29.0
96633,2026-08-22T09:14:47.455611+00:00,SION,CLA,12,0.0934,0.4399,0.4468,MOVING,12.9,12.0
96633,2026-08-22T09:15:47.361798+00:00,SION,CLA,12,0.0934,0.4523,0.4517,STATIONARY,12.9,12.0
96633,2026-08-22T09:16:47.378216+00:00,SION,CLA,12,0.0934,0.4523,0.4517,STATIONARY,12.9,12.0
96633,2026-08-22T09:17:47.402453+00:00,SION,CLA,12,0.0934,0.4544,0.4526,STATIONARY,12.9,12.0
96633,2026-08-22T09:18:47.407583+00:00,SION,CLA,15,0.0614,0.3725,0.4528,MOVING,13.93,12.0
96633,2026-08-22T09:19:47.357308+00:00,SION,CLA,15,0.0765,0.4018,0.4655,STATIONARY,13.93,12.0
96633,2026-08-22T09:20:47.429465+00:00,SION,CLA,15,0.0666,0.3984,0.4635,STATIONARY,13.93,12.0
96633,2026-08-22T09:21:47.454389+00:00,CLA,VVH,16,0.0574,0.433,0.4885,MOVING,15.6,13.0
96633,2026-08-22T09:22:47.497538+00:00,CLA,VVH,16,0.0666,0.4535,0.4972,STATIONARY,15.6,13.0
96633,2026-08-22T09:23:47.379443+00:00,VVH,GC,14,0.2567,0.4769,0.4951,MOVING,18.1,15.0
96633,2026-08-22T09:24:47.589926+00:00,VVH,GC,14,0.0579,0.4455,0.4701,STATIONARY,18.1,15.0
96633,2026-08-22T09:25:47.396645+00:00,VVH,GC,14,0.0765,0.4788,0.4846,STATIONARY,18.1,15.0
96633,2026-08-22T09:26:47.377746+00:00,GC,VK,14,0.0639,0.4457,0.4706,MOVING,19.4,16.0
96633,2026-08-22T09:27:47.396001+00:00,GC,VK,14,0.0639,0.4602,0.4764,STATIONARY,19.4,16.0
96633,2026-08-22T09:28:47.427759+00:00,GC,VK,15,0.0443,0.3518,0.4435,MOVING,19.4,16.0
96633,2026-08-22T09:29:47.442947+00:00,GC,VK,15,0.0639,0.3816,0.4566,STATIONARY,19.4,16.0
96633,2026-08-22T09:30:47.379054+00:00,GC,VK,15,0.0639,0.3816,0.4566,STATIONARY,19.4,16.0
96633,2026-08-22T09:31:47.444691+00:00,GC,VK,15,0.0541,0.3737,0.4529,STATIONARY,19.4,16.0
96633,2026-08-22T09:40:47.398318+00:00,NHU,MLND,15,0.0915,0.3975,0.4647,MOVING,28.5,20.0
96633,2026-08-22T09:41:47.462342+00:00,NHU,MLND,15,0.0599,0.3975,0.4628,STATIONARY,28.5,20.0
96633,2026-08-22T09:42:47.383601+00:00,NHU,MLND,15,0.0698,0.4018,0.4651,STATIONARY,28.5,20.0
96633,2026-08-22T09:43:47.474154+00:00,NHU,MLND,15,0.0512,0.3886,0.4586,STATIONARY,28.5,20.0
96633,2026-08-22T09:44:47.430945+00:00,MLND,TNA,15,0.0577,0.3396,0.4394,MOVING,30.7,22.0
96633,2026-08-22T09:45:47.419404+00:00,MLND,TNA,15,0.0577,0.3615,0.4482,STATIONARY,30.7,22.0
96633,2026-08-22T09:46:47.394791+00:00,MLND,TNA,15,0.0577,0.3648,0.4495,STATIONARY,30.7,22.0
96633,2026-08-22T09:47:47.461981+00:00,TNA,KLVA,15,0.0599,0.4223,0.4726,MOVING,33.3,23.0
96633,2026-08-22T09:48:47.424641+00:00,TNA,KLVA,15,0.0698,0.4383,0.4797,STATIONARY,33.3,23.0
96633,2026-08-22T09:49:47.482571+00:00,TNA,KLVA,15,0.0599,0.434,0.4773,STATIONARY,33.3,23.0
96633,2026-08-22T09:50:47.472972+00:00,TNA,KLVA,15,0.0698,0.4383,0.4797,STATIONARY,33.3,23.0
96633,2026-08-22T09:57:47.670088+00:00,TNA,KLVA,24,-4.0355,0.3857,0.4386,MOVING,33.3,23.0
96633,2026-08-22T09:58:47.572054+00:00,TNA,KLVA,24,0.0698,0.4049,0.5713,STATIONARY,33.3,23.0
97093,2026-08-22T09:17:41.269161+00:00,SION,CLA,11,0.0805,0.394,0.416,MOVING,12.9,12.0
97093,2026-08-22T09:18:41.256132+00:00,SION,CLA,11,0.0805,0.3795,0.4101,MOVING,12.9,12.0
97093,2026-08-22T09:19:41.306797+00:00,SION,CLA,11,0.0666,0.3872,0.4124,STATIONARY,12.9,12.0
97093,2026-08-22T09:20:41.262347+00:00,SION,CLA,11,0.0765,0.3961,0.4165,STATIONARY,12.9,12.0
97093,2026-08-22T09:21:41.311873+00:00,CLA,VVH,11,0.0666,0.4586,0.4409,MOVING,15.6,13.0
97093,2026-08-22T09:22:41.335813+00:00,VVH,GC,12,0.0574,0.4264,0.4392,MOVING,18.1,15.0
97093,2026-08-22T09:23:41.315964+00:00,VVH,GC,10,0.4176,0.5171,0.4742,STATIONARY,18.1,15.0
97093,2026-08-22T09:24:41.421707+00:00,CLA,VVH,13,0.004,0.4324,0.4499,MOVING,15.6,13.0
97093,2026-08-22T09:25:41.343595+00:00,GC,VK,10,0.4353,0.4689,0.456,MOVING,19.4,16.0
97093,2026-08-22T09:26:41.346614+00:00,GC,VK,10,0.0639,0.4603,0.4298,STATIONARY,19.4,16.0
97093,2026-08-22T09:27:41.248717+00:00,GC,VK,10,0.0639,0.4641,0.4313,STATIONARY,19.4,16.0
97093,2026-08-22T09:28:41.316747+00:00,GC,VK,10,0.0541,0.4536,0.4265,STATIONARY,19.4,16.0
97093,2026-08-22T09:29:41.308861+00:00,GC,VK,10,0.0639,0.4643,0.4314,STATIONARY,19.4,16.0
97093,2026-08-22T09:31:41.262149+00:00,VK,KJRD,12,0.0321,0.4175,0.434,MOVING,23.1,17.0
97093,2026-08-22T09:32:41.278595+00:00,VK,KJRD,12,0.0698,0.4602,0.4534,STATIONARY,23.1,17.0
97093,2026-08-22T09:33:41.313766+00:00,VK,KJRD,12,0.0693,0.4577,0.4524,STATIONARY,23.1,17.0
97093,2026-08-22T09:34:41.399599+00:00,GC,VK,16,-0.8533,0.4283,0.4327,MOVING,19.4,16.0
97093,2026-08-22T09:35:41.266437+00:00,KJRD,BND,13,0.3625,0.3842,0.4528,MOVING,25.0,18.0
97093,2026-08-22T09:36:41.384846+00:00,KJRD,BND,11,0.3924,0.4432,0.4548,STATIONARY,25.0,18.0
97093,2026-08-22T09:37:41.310260+00:00,KJRD,BND,11,0.0698,0.3886,0.4131,STATIONARY,25.0,18.0
97093,2026-08-22T09:38:41.357138+00:00,BND,NHU,11,0.0599,0.376,0.4075,MOVING,26.8,19.0
97093,2026-08-22T09:39:41.318213+00:00,BND,NHU,11,0.0698,0.3982,0.417,STATIONARY,26.8,19.0
97093,2026-08-22T09:40:41.361919+00:00,BND,NHU,11,0.0599,0.39,0.4131,STATIONARY,26.8,19.0
97093,2026-08-22T09:41:41.423866+00:00,BND,NHU,11,0.0599,0.3781,0.4083,STATIONARY,26.8,19.0
97093,2026-08-22T09:50:41.379708+00:00,KLVA,MBQ,10,0.1139,0.4878,0.4439,MOVING,35.7,24.0
97093,2026-08-22T09:51:41.292192+00:00,KLVA,MBQ,10,0.0698,0.484,0.4396,STATIONARY,35.7,24.0
97093,2026-08-22T09:52:41.434797+00:00,KLVA,MBQ,10,0.0512,0.4795,0.4367,STATIONARY,35.7,24.0
97095,2026-08-22T09:11:29.093122+00:00,DR,MTN,2,0.0854,0.432,0.3265,MOVING,9.0,10.0
97095,2026-08-22T09:12:29.030293+00:00,DR,MTN,0,0.5269,0.4963,0.3557,STATIONARY,9.0,10.0
97095,2026-08-22T09:13:29.198410+00:00,SION,CLA,0,0.1565,0.4193,0.3025,MOVING,12.9,12.0
97095,2026-08-22T09:14:28.967654+00:00,SION,CLA,0,0.1857,0.4888,0.3321,STATIONARY,12.9,12.0
97095,2026-08-22T09:15:29.088765+00:00,SION,CLA,0,0.1565,0.4613,0.3193,STATIONARY,12.9,12.0
97095,2026-08-22T09:16:29.142845+00:00,SION,CLA,0,0.1652,0.4657,0.3216,STATIONARY,12.9,12.0
97095,2026-08-22T09:17:28.979202+00:00,SION,CLA,0,0.1857,0.491,0.333,STATIONARY,12.9,12.0
97095,2026-08-22T09:18:29.102743+00:00,SION,CLA,0,0.1565,0.4585,0.3182,MOVING,12.9,12.0
97095,2026-08-22T09:19:28.996060+00:00,SION,CLA,0,0.1961,0.4889,0.3328,STATIONARY,12.9,12.0
97095,2026-08-22T09:20:29.096958+00:00,SION,CLA,3,0.0368,0.4353,0.3364,STATIONARY,12.9,12.0
97095,2026-08-22T09:21:28.972557+00:00,SION,CLA,0,0.8733,0.5527,0.3974,STATIONARY,12.9,12.0
97095,2026-08-22T09:22:29.548535+00:00,CLA,VVH,3,0.0368,0.4379,0.3375,MOVING,15.6,13.0
97095,2026-08-22T09:23:29.176062+00:00,CLA,VVH,3,0.0851,0.4982,0.3646,STATIONARY,15.6,13.0
97095,2026-08-22T09:24:29.201946+00:00,CLA,VVH,3,0.0739,0.4745,0.3544,STATIONARY,15.6,13.0
97095,2026-08-22T09:25:29.011965+00:00,CLA,VVH,-1,2.4104,0.5632,0.4547,STATIONARY,15.6,13.0
97095,2026-08-22T09:26:29.254681+00:00,GC,VK,2,0.0487,0.405,0.3134,MOVING,19.4,16.0
97095,2026-08-22T09:27:29.114336+00:00,GC,VK,2,0.0726,0.4971,0.3517,STATIONARY,19.4,16.0
97095,2026-08-22T09:28:28.975230+00:00,GC,VK,1,0.1506,0.5227,0.3551,STATIONARY,19.4,16.0
97095,2026-08-22T09:29:29.250177+00:00,GC,VK,2,0.0242,0.4523,0.3308,STATIONARY,19.4,16.0
97095,2026-08-22T09:30:28.986461+00:00,GC,VK,1,0.1506,0.5261,0.3565,STATIONARY,19.4,16.0
97095,2026-08-22T09:31:29.085462+00:00,VK,KJRD,2,0.0301,0.4012,0.3107,MOVING,23.1,17.0
97095,2026-08-22T09:32:28.992813+00:00,VK,KJRD,0,0.5306,0.54,0.3734,STATIONARY,23.1,17.0
97095,2026-08-22T09:33:29.072698+00:00,VK,KJRD,3,0.0301,0.4364,0.3364,STATIONARY,23.1,17.0
97095,2026-08-22T09:34:28.974240+00:00,VK,KJRD,0,0.9016,0.5438,0.3953,STATIONARY,23.1,17.0
97095,2026-08-22T09:35:29.223149+00:00,KJRD,BND,2,0.0301,0.4284,0.3216,MOVING,25.0,18.0
97095,2026-08-22T09:36:28.991493+00:00,KJRD,BND,3,0.0593,0.4534,0.3451,STATIONARY,25.0,18.0
97095,2026-08-22T09:37:29.065665+00:00,BND,NHU,2,0.0802,0.4515,0.3339,MOVING,26.8,19.0
97095,2026-08-22T09:38:29.146330+00:00,BND,NHU,2,0.0492,0.4614,0.336,STATIONARY,26.8,19.0
97095,2026-08-22T09:39:29.015964+00:00,BND,NHU,1,0.1565,0.5003,0.3465,STATIONARY,26.8,19.0
97095,2026-08-22T09:40:29.233924+00:00,BND,NHU,3,0.0301,0.3597,0.3058,MOVING,26.8,19.0
97095,2026-08-22T09:41:29.101112+00:00,CRNM,MLND,2,0.1008,0.4318,0.3273,MOVING,29.7,21.0
97095,2026-08-22T09:42:28.977625+00:00,CRNM,MLND,2,0.0784,0.4695,0.3411,STATIONARY,29.7,21.0
97095,2026-08-22T09:43:29.174807+00:00,MLND,TNA,2,0.0371,0.43,0.3227,MOVING,30.7,22.0
97095,2026-08-22T09:44:28.987904+00:00,MLND,TNA,3,0.0472,0.4213,0.3315,STATIONARY,30.7,22.0
97095,2026-08-22T09:45:29.151185+00:00,MLND,TNA,3,0.0371,0.4101,0.3264,STATIONARY,30.7,22.0
97095,2026-08-22T09:46:29.084949+00:00,TNA,KLVA,0,0.8271,0.4773,0.3649,MOVING,33.3,23.0
97095,2026-08-22T09:47:29.109940+00:00,TNA,KLVA,0,0.1894,0.4546,0.3186,STATIONARY,33.3,23.0
97095,2026-08-22T09:48:29.222650+00:00,TNA,KLVA,0,0.1602,0.4501,0.315,STATIONARY,33.3,23.0
97095,2026-08-22T09:49:29.129411+00:00,KLVA,MBQ,0,0.1894,0.4759,0.3272,MOVING,35.7,24.0
97095,2026-08-22T09:50:29.105889+00:00,KLVA,MBQ,0,0.1894,0.4941,0.3345,STATIONARY,35.7,24.0
97095,2026-08-22T09:51:29.084808+00:00,KLVA,MBQ,0,0.1894,0.4941,0.3345,STATIONARY,35.7,24.0
97095,2026-08-22T09:52:29.115465+00:00,KLVC,MBQ,-1,0.5761,0.489,0.3557,MOVING,36.1,25.0
97095,2026-08-22T09:53:29.204604+00:00,KLVC,MBQ,1,0.0794,0.4614,0.3262,STATIONARY,36.1,25.0
97095,2026-08-22T09:54:29.086048+00:00,MBQ,DIVA,0,0.2965,0.4723,0.3323,MOVING,40.2,26.0
97095,2026-08-22T09:55:29.116541+00:00,KLVC,MBQ,0,-0.6864,0.4782,0.275,MOVING,36.1,25.0
97095,2026-08-22T09:56:29.124922+00:00,KLVC,MBQ,3,0.0593,0.4444,0.3414,STATIONARY,36.1,25.0
97095,2026-08-22T09:57:29.233865+00:00,KLVC,MBQ,3,0.0492,0.4644,0.3488,STATIONARY,36.1,25.0
97095,2026-08-22T09:58:29.242228+00:00,DIVA,KOPR,0,0.8835,0.4678,0.364,MOVING,42.7,27.0
97231,2026-08-22T09:03:53.452331+00:00,GC,VK,5,0.0081,0.3894,0.3396,MOVING,19.4,16.0
97231,2026-08-22T09:04:53.460912+00:00,GC,VK,5,0.0081,0.4017,0.3445,STATIONARY,19.4,16.0
97231,2026-08-22T09:05:53.444756+00:00,GC,VK,5,0.0081,0.4017,0.3445,STATIONARY,19.4,16.0
97231,2026-08-22T09:06:53.507208+00:00,GC,VK,5,-0.0125,0.3971,0.3414,STATIONARY,19.4,16.0
97231,2026-08-22T09:07:53.468623+00:00,KJRD,BND,0,2.4635,0.4527,0.4115,MOVING,25.0,18.0
97231,2026-08-22T09:08:53.492722+00:00,KJRD,BND,2,0.025,0.416,0.3163,STATIONARY,25.0,18.0
97231,2026-08-22T09:09:53.524643+00:00,CRNM,MLND,-1,0.5151,0.4548,0.3384,MOVING,29.6,21.0
97231,2026-08-22T09:10:53.450418+00:00,CRNM,MLND,-1,0.48,0.4612,0.3389,STATIONARY,29.6,21.0
97231,2026-08-22T09:11:53.520088+00:00,CRNM,MLND,-1,0.3589,0.4508,0.3275,STATIONARY,29.6,21.0
97231,2026-08-22T09:12:53.520294+00:00,CRNM,MLND,-1,0.52,0.4612,0.3413,STATIONARY,29.6,21.0
97231,2026-08-22T09:13:53.561357+00:00,BND,NHU,3,0.0182,0.4069,0.3239,MOVING,26.8,19.0
97231,2026-08-22T09:14:53.577452+00:00,BND,NHU,3,0.0824,0.4431,0.3424,STATIONARY,26.8,19.0
97231,2026-08-22T09:15:53.468363+00:00,BND,NHU,5,0.0547,0.4348,0.3607,STATIONARY,26.8,19.0
97231,2026-08-22T09:16:53.464817+00:00,CRNM,MLND,4,0.1047,0.4071,0.341,MOVING,29.6,21.0
97231,2026-08-22T09:17:53.493953+00:00,CRNM,MLND,4,0.0712,0.4355,0.3503,STATIONARY,29.6,21.0
97231,2026-08-22T09:18:53.464161+00:00,MLND,TNA,3,0.0927,0.4233,0.3351,MOVING,30.7,22.0
97231,2026-08-22T09:19:53.464126+00:00,MLND,TNA,3,0.0663,0.4329,0.3373,STATIONARY,30.7,22.0
97231,2026-08-22T09:20:53.469584+00:00,MLND,TNA,3,0.0663,0.4356,0.3384,STATIONARY,30.7,22.0
97231,2026-08-22T09:21:53.557021+00:00,TNA,KLVA,2,0.0715,0.4645,0.3386,MOVING,33.3,23.0
97231,2026-08-22T09:22:53.588338+00:00,TNA,KLVA,2,0.0672,0.4764,0.3431,STATIONARY,33.3,23.0
97231,2026-08-22T09:23:53.513928+00:00,TNA,KLVA,2,0.0784,0.4789,0.3448,STATIONARY,33.3,23.0
97231,2026-08-22T09:24:54.339593+00:00,TNA,KLVA,2,0.0492,0.4719,0.3402,STATIONARY,33.3,23.0
97231,2026-08-22T09:25:53.510989+00:00,TNA,KLVA,2,0.0945,0.5103,0.3583,STATIONARY,33.3,23.0
97231,2026-08-22T09:28:53.528431+00:00,KLVC,MBQ,1,0.1938,0.4427,0.3258,MOVING,36.1,25.0
97231,2026-08-22T09:29:53.479152+00:00,KLVC,MBQ,1,0.1032,0.4436,0.3206,STATIONARY,36.1,25.0
97231,2026-08-22T09:30:53.493560+00:00,MBQ,DIVA,1,0.188,0.4914,0.3449,MOVING,40.2,26.0
97231,2026-08-22T09:31:53.527503+00:00,MBQ,DIVA,0,0.3163,0.5308,0.3569,STATIONARY,40.2,26.0
97231,2026-08-22T09:32:53.470039+00:00,MBQ,DIVA,0,0.2742,0.5166,0.3487,STATIONARY,40.2,26.0
95327,2026-08-22T13:15:48.798673+00:00,DR,CLA,2,0.102,0.4414,0.3312,MOVING,9.0,10.0
95327,2026-08-22T13:16:48.720190+00:00,DR,CLA,2,0.102,0.4423,0.3316,STATIONARY,9.0,10.0
95327,2026-08-22T13:24:48.715009+00:00,CLAS,GC,2,0.1534,0.477,0.3487,MOVING,17.9,14.0
95327,2026-08-22T13:25:48.754916+00:00,CLAS,GC,5,0.0368,0.4503,0.3658,STATIONARY,17.9,14.0
95327,2026-08-22T13:26:48.760530+00:00,CLAS,GC,5,0.0765,0.4679,0.3753,STATIONARY,17.9,14.0
95327,2026-08-22T13:27:48.766562+00:00,CLAS,GC,5,0.0765,0.4679,0.3753,STATIONARY,17.9,14.0
95327,2026-08-22T13:39:15.840097+00:00,MLND,TNA,6,-0.661,0.4145,0.3209,MOVING,30.7,22.0
95327,2026-08-22T13:39:45.980413+00:00,MLND,TNA,4,1.1478,0.5315,0.449,STATIONARY,30.7,22.0
95327,2026-08-22T13:40:40.868312+00:00,MLND,TNA,5,0.0386,0.3576,0.3288,MOVING,30.7,22.0
95327,2026-08-22T13:41:40.505794+00:00,MLND,TNA,5,0.0577,0.3785,0.3383,STATIONARY,30.7,22.0
95327,2026-08-22T13:42:40.666504+00:00,TNA,DI,4,0.0715,0.4481,0.3554,MOVING,33.3,23.0
95327,2026-08-22T13:43:40.655683+00:00,TNA,DI,5,0.0507,0.4282,0.3578,STATIONARY,33.3,23.0
95327,2026-08-22T13:44:41.218414+00:00,KLVA,DI,5,0.0406,0.4062,0.3483,MOVING,,
95327,2026-08-22T13:45:40.551710+00:00,KLVA,BY,5,0.0698,0.5405,0.4039,STATIONARY,0.0,
95327,2026-08-22T13:46:40.563475+00:00,KLVA,DI,6,0.0507,0.4076,0.3612,STATIONARY,,
95327,2026-08-22T13:47:40.595429+00:00,MBQ,DI,6,0.0586,0.402,0.3595,MOVING,,
95327,2026-08-22T13:48:40.577619+00:00,MBQ,DI,6,0.0698,0.4121,0.3642,STATIONARY,,
95327,2026-08-22T13:49:40.604766+00:00,MBQ,DI,6,0.0586,0.4121,0.3635,STATIONARY,,
95327,2026-08-22T13:50:40.759289+00:00,MBQ,DI,6,0.0406,0.3959,0.3559,MOVING,,
95327,2026-08-22T13:51:41.053225+00:00,MBQ,DI,6,0.0406,0.3676,0.3446,MOVING,,
95327,2026-08-22T13:52:40.625299+00:00,MBQ,BY,6,0.0698,0.5002,0.3994,STATIONARY,0.0,
95327,2026-08-22T13:53:40.833298+00:00,MBQ,DI,6,0.0406,0.3676,0.3446,MOVING,,
95327,2026-08-22T13:54:40.693062+00:00,DIVA,DI,12,-0.4683,0.4582,0.4195,MOVING,41.9,25.0
95327,2026-08-22T13:55:40.640292+00:00,DIVA,DI,12,0.0698,0.4699,0.4573,STATIONARY,41.9,25.0
95327,2026-08-22T13:56:40.644829+00:00,DWJN,DI,11,0.0921,0.4671,0.4459,MOVING,43.8,26.0
95327,2026-08-22T13:57:40.651976+00:00,DWJN,DI,11,0.0698,0.4725,0.4467,STATIONARY,43.8,26.0
95327,2026-08-22T13:58:40.661459+00:00,DDCL,DI,10,0.0921,0.4497,0.4273,MOVING,46.9,27.0
95327,2026-08-22T13:59:40.664238+00:00,DI,KYN,7,1.0733,0.4603,0.4521,MOVING,48.4,28.0
95327,2026-08-22T14:00:40.989586+00:00,DI,KYN,7,-0.0153,0.4515,0.3863,STATIONARY,48.4,28.0
95327,2026-08-22T14:01:40.439745+00:00,DI,KYN,6,0.0672,0.4801,0.3913,STATIONARY,48.4,28.0
95327,2026-08-22T14:02:40.579450+00:00,THK,KYN,8,-0.0344,0.4319,0.3889,MOVING,49.4,29.0
95515,2026-08-22T13:13:05.881162+00:00,PRLW,DR,0,0.5724,0.4783,0.3512,UNKNOWN,7.4,8.0
95515,2026-08-22T13:13:42.077798+00:00,PRLW,DR,0,0.2018,0.4481,0.3168,STATIONARY,7.4,8.0
95515,2026-08-22T13:14:36.505868+00:00,PRLW,DR,0,0.2018,0.4424,0.3145,STATIONARY,7.4,8.0
95515,2026-08-22T13:15:36.566504+00:00,PRLW,DR,0,0.1652,0.4124,0.3003,STATIONARY,7.4,8.0
95515,2026-08-22T13:16:36.413018+00:00,PRLW,DR,0,0.1857,0.4309,0.3089,STATIONARY,7.4,8.0
95515,2026-08-22T13:17:36.624387+00:00,PRLW,DR,0,0.1565,0.4124,0.2997,STATIONARY,7.4,8.0
95515,2026-08-22T13:18:36.630332+00:00,SION,CLA,-2,0.879,0.4121,0.3415,MOVING,14.33,12.0
95515,2026-08-22T13:19:36.523903+00:00,SION,CLA,-2,1.7478,0.4357,0.3872,STATIONARY,14.33,12.0
95515,2026-08-22T13:20:36.643130+00:00,SION,CLA,-2,1.4827,0.4176,0.3708,STATIONARY,14.33,12.0
95515,2026-08-22T13:21:36.649637+00:00,SION,CLA,-2,1.6454,0.4282,0.3808,STATIONARY,14.33,12.0
95515,2026-08-22T13:22:36.500900+00:00,SION,CLA,-2,4.5811,0.4463,0.426,STATIONARY,14.33,12.0
95515,2026-08-22T13:39:03.361931+00:00,GC,VK,12,-6.7831,0.4005,0.3005,MOVING,19.4,16.0
95515,2026-08-22T13:39:33.844863+00:00,GC,VK,-1,7.0541,0.5681,0.477,STATIONARY,19.4,16.0
95515,2026-08-22T13:40:28.294182+00:00,GC,VK,12,-4.1152,0.4404,0.3202,STATIONARY,19.4,16.0
95515,2026-08-22T13:41:28.372987+00:00,GC,VK,12,0.0387,0.3378,0.4025,MOVING,19.4,16.0
95515,2026-08-22T13:42:28.411931+00:00,VK,TNA,11,0.0702,0.3567,0.4004,MOVING,23.1,17.0
95515,2026-08-22T13:43:28.711570+00:00,VK,TNA,11,0.0392,0.3847,0.4097,STATIONARY,23.1,17.0
95515,2026-08-22T13:44:28.489819+00:00,VK,TNA,11,0.0577,0.4046,0.4188,STATIONARY,23.1,17.0
95515,2026-08-22T13:45:28.497615+00:00,BND,TNA,10,0.0801,0.3394,0.3824,MOVING,26.8,19.0
95515,2026-08-22T13:46:28.503873+00:00,BND,TNA,10,0.0577,0.3824,0.3982,STATIONARY,26.8,19.0
95515,2026-08-22T13:47:28.410786+00:00,NHU,TNA,8,0.2379,0.3769,0.3839,MOVING,28.5,20.0
95515,2026-08-22T13:48:28.518421+00:00,MLND,TNA,7,0.0508,0.3668,0.3566,MOVING,30.7,22.0
95515,2026-08-22T13:49:28.520408+00:00,MLND,TNA,7,0.0577,0.3811,0.3627,MOVING,30.7,22.0
95515,2026-08-22T13:50:28.424858+00:00,MLND,TNA,7,0.0577,0.3277,0.3414,MOVING,30.7,22.0
95515,2026-08-22T13:51:28.522944+00:00,TNA,DI,6,0.0629,0.4093,0.3626,MOVING,33.3,23.0
95515,2026-08-22T13:52:28.642906+00:00,TNA,DI,6,0.0406,0.4113,0.3621,STATIONARY,33.3,23.0
95515,2026-08-22T13:53:28.444432+00:00,TNA,DI,6,0.0698,0.438,0.3746,STATIONARY,33.3,23.0
95515,2026-08-22T13:54:29.066794+00:00,TNA,DI,7,0.0215,0.3622,0.3529,MOVING,33.3,23.0
95515,2026-08-22T13:55:28.551682+00:00,YY-PSKT,DI,7,0.0698,0.4155,0.3772,MOVING,,
95515,2026-08-22T13:56:28.383550+00:00,YY-PSKT,DI,7,0.0698,0.426,0.3814,STATIONARY,,
95515,2026-08-22T13:57:28.314129+00:00,YY-PSKT,DI,7,0.0698,0.4039,0.3726,STATIONARY,,
95515,2026-08-22T13:58:28.439673+00:00,YY-PSKT,DI,7,0.0406,0.3624,0.3542,MOVING,,
95515,2026-08-22T13:59:28.411867+00:00,YY-PSKT,DI,7,0.0698,0.3711,0.3595,MOVING,,
95515,2026-08-22T14:00:28.405453+00:00,YY-PSKT,DI,7,0.014,0.3765,0.3582,MOVING,,
95515,2026-08-22T14:01:28.489909+00:00,YY-PSKT,DI,7,-0.0153,0.3678,0.3528,MOVING,,
95515,2026-08-22T14:02:28.496759+00:00,YY-PSKT,DI,7,0.014,0.3765,0.3582,MOVING,,
95733,2026-08-22T13:48:22.380736+00:00,TNA,DI,0,0.3197,0.4496,0.3246,MOVING,33.3,23.0
95733,2026-08-22T13:49:22.480736+00:00,TNA,DI,0,0.2904,0.4498,0.3229,STATIONARY,33.3,23.0
97399,2026-08-22T13:15:42.637442+00:00,PRLW,PR,4,0.102,0.4331,0.3513,MOVING,7.4,8.0
97399,2026-08-22T13:16:42.477967+00:00,PRLW,PR,4,0.102,0.4609,0.3624,STATIONARY,7.4,8.0
97399,2026-08-22T13:17:42.604917+00:00,PR,DR,6,0.0451,0.4074,0.3608,MOVING,8.0,9.0
97399,2026-08-22T13:18:42.671712+00:00,PR,DR,6,0.0728,0.4358,0.3739,STATIONARY,8.0,9.0
97399,2026-08-22T13:19:42.642200+00:00,DR,MTN,5,0.1118,0.412,0.3551,MOVING,9.0,10.0
97399,2026-08-22T13:20:42.686485+00:00,MTN,SION,4,0.0869,0.4306,0.3493,MOVING,10.4,11.0
97399,2026-08-22T13:21:42.792948+00:00,MTN,SION,4,0.0559,0.4289,0.3467,MOVING,10.4,11.0
97399,2026-08-22T13:22:42.643785+00:00,MTN,SION,4,0.0851,0.4567,0.3597,STATIONARY,10.4,11.0
97399,2026-08-22T13:23:42.702534+00:00,MTN,SION,4,0.0646,0.4384,0.3511,STATIONARY,10.4,11.0
97399,2026-08-22T13:24:43.219498+00:00,SION,CLA,3,0.0782,0.4277,0.336,MOVING,12.9,12.0
97399,2026-08-22T13:25:42.407654+00:00,SION,CLA,2,0.1545,0.5201,0.366,STATIONARY,12.9,12.0
97399,2026-08-22T13:26:42.719775+00:00,SION,CLA,5,0.0282,0.4272,0.356,STATIONARY,12.9,12.0
97399,2026-08-22T13:27:42.725751+00:00,SION,CLA,5,0.0765,0.449,0.3677,STATIONARY,12.9,12.0
97399,2026-08-22T13:28:42.586926+00:00,CLA,VVH,4,0.1075,0.4394,0.3541,MOVING,15.6,13.0
97399,2026-08-22T13:39:09.484800+00:00,VK,KJRD,4,-0.2959,0.4192,0.321,MOVING,23.1,17.0
97399,2026-08-22T13:39:39.839706+00:00,VK,KJRD,2,1.1598,0.5593,0.4374,STATIONARY,23.1,17.0
97399,2026-08-22T13:40:34.493469+00:00,VK,KJRD,4,0.0593,0.4584,0.3587,STATIONARY,23.1,17.0
97399,2026-08-22T13:41:34.438250+00:00,KJRD,BND,4,0.0784,0.3871,0.3314,MOVING,25.0,18.0
97399,2026-08-22T13:42:34.611652+00:00,KJRD,BND,4,0.0492,0.4098,0.3387,STATIONARY,25.0,18.0
97399,2026-08-22T13:43:34.455573+00:00,BND,NHU,3,0.1008,0.4177,0.3334,MOVING,26.8,19.0
97399,2026-08-22T13:44:34.455335+00:00,BND,NHU,3,0.0784,0.4131,0.3301,STATIONARY,26.8,19.0
97399,2026-08-22T13:45:34.430485+00:00,BND,NHU,3,0.0784,0.4131,0.3301,STATIONARY,26.8,19.0
97399,2026-08-22T13:46:34.481730+00:00,BND,NHU,3,0.0578,0.4089,0.3272,STATIONARY,26.8,19.0
97399,2026-08-22T13:47:34.547856+00:00,BND,NHU,3,0.0578,0.403,0.3248,STATIONARY,26.8,19.0
97399,2026-08-22T13:48:34.498723+00:00,NHU,MLND,5,0.0507,0.3404,0.3227,MOVING,28.5,20.0
97399,2026-08-22T13:49:35.176177+00:00,NHU,MLND,5,0.0406,0.369,0.3334,STATIONARY,28.5,20.0
97399,2026-08-22T13:50:34.563246+00:00,CRNM,MLND,5,0.0698,0.4183,0.355,MOVING,29.6,21.0
97399,2026-08-22T13:51:34.562417+00:00,CRNM,MLND,5,0.0698,0.396,0.3461,STATIONARY,29.6,21.0
97399,2026-08-22T13:52:34.682327+00:00,MLND,TNA,5,0.0285,0.3739,0.3347,MOVING,30.7,22.0
97399,2026-08-22T13:53:34.692637+00:00,MLND,TNA,5,0.0577,0.3885,0.3423,STATIONARY,30.7,22.0
97399,2026-08-22T13:54:34.552120+00:00,MLND,TNA,5,0.0577,0.3764,0.3375,MOVING,30.7,22.0
97399,2026-08-22T13:55:34.501268+00:00,MLND,TNA,5,0.0577,0.3383,0.3223,MOVING,30.7,22.0
97399,2026-08-22T13:56:34.500981+00:00,MLND,TNA,5,0.0577,0.3383,0.3223,MOVING,30.7,22.0
97399,2026-08-22T13:57:34.491056+00:00,MLND,TNA,5,0.0577,0.3495,0.3267,STATIONARY,30.7,22.0
97399,2026-08-22T13:58:34.455777+00:00,MLND,TNA,5,0.0577,0.3495,0.3267,STATIONARY,30.7,22.0
97399,2026-08-22T13:59:34.462038+00:00,MLND,TNA,5,0.0577,0.3495,0.3267,STATIONARY,30.7,22.0
97399,2026-08-22T14:00:34.453802+00:00,MLND,TNA,5,0.0019,0.3512,0.3239,STATIONARY,30.7,22.0
97399,2026-08-22T14:02:34.537867+00:00,TNA,,4,0.0157,0.4371,0.3475,MOVING,33.3,23.0
97401,2026-08-22T13:49:16.335302+00:00,GC,VK,1,0.0974,0.3922,0.2996,MOVING,19.4,16.0
97401,2026-08-22T13:50:16.198308+00:00,VK,KJRD,4,0.0593,0.3484,0.3147,MOVING,23.1,17.0
97401,2026-08-22T13:51:16.275077+00:00,VK,KJRD,4,0.0578,0.4009,0.3357,STATIONARY,23.1,17.0
97401,2026-08-22T13:52:16.240528+00:00,VK,KJRD,4,0.0784,0.4096,0.3404,STATIONARY,23.1,17.0
97401,2026-08-22T13:53:16.197599+00:00,VK,KJRD,4,0.0784,0.4096,0.3404,STATIONARY,23.1,17.0
